/*
SQLyog Ultimate v12.09 (64 bit)
MySQL - 5.0.22-community-nt : Database - bmcdb
*********************************************************************
*/

/*!40101 SET NAMES utf8 */;

/*!40101 SET SQL_MODE=''*/;

/*!40014 SET @OLD_UNIQUE_CHECKS=@@UNIQUE_CHECKS, UNIQUE_CHECKS=0 */;
/*!40014 SET @OLD_FOREIGN_KEY_CHECKS=@@FOREIGN_KEY_CHECKS, FOREIGN_KEY_CHECKS=0 */;
/*!40101 SET @OLD_SQL_MODE=@@SQL_MODE, SQL_MODE='NO_AUTO_VALUE_ON_ZERO' */;
/*!40111 SET @OLD_SQL_NOTES=@@SQL_NOTES, SQL_NOTES=0 */;
CREATE DATABASE /*!32312 IF NOT EXISTS*/`bmcdb` /*!40100 DEFAULT CHARACTER SET latin1 */;

USE `bmcdb`;

/*Table structure for table `auth_group` */

DROP TABLE IF EXISTS `auth_group`;

CREATE TABLE `auth_group` (
  `id` int(11) NOT NULL auto_increment,
  `name` varchar(80) NOT NULL,
  PRIMARY KEY  (`id`),
  UNIQUE KEY `name` (`name`)
) ENGINE=InnoDB DEFAULT CHARSET=latin1;

/*Data for the table `auth_group` */

/*Table structure for table `auth_group_permissions` */

DROP TABLE IF EXISTS `auth_group_permissions`;

CREATE TABLE `auth_group_permissions` (
  `id` int(11) NOT NULL auto_increment,
  `group_id` int(11) NOT NULL,
  `permission_id` int(11) NOT NULL,
  PRIMARY KEY  (`id`),
  UNIQUE KEY `auth_group_permissions_group_id_permission_id_0cd325b0_uniq` (`group_id`,`permission_id`),
  KEY `auth_group_permissio_permission_id_84c5c92e_fk_auth_perm` (`permission_id`),
  CONSTRAINT `auth_group_permissions_group_id_b120cbf9_fk_auth_group_id` FOREIGN KEY (`group_id`) REFERENCES `auth_group` (`id`),
  CONSTRAINT `auth_group_permissio_permission_id_84c5c92e_fk_auth_perm` FOREIGN KEY (`permission_id`) REFERENCES `auth_permission` (`id`)
) ENGINE=InnoDB DEFAULT CHARSET=latin1;

/*Data for the table `auth_group_permissions` */

/*Table structure for table `auth_permission` */

DROP TABLE IF EXISTS `auth_permission`;

CREATE TABLE `auth_permission` (
  `id` int(11) NOT NULL auto_increment,
  `name` varchar(255) NOT NULL,
  `content_type_id` int(11) NOT NULL,
  `codename` varchar(100) NOT NULL,
  PRIMARY KEY  (`id`),
  UNIQUE KEY `auth_permission_content_type_id_codename_01ab375a_uniq` (`content_type_id`,`codename`),
  CONSTRAINT `auth_permission_content_type_id_2f476e4b_fk_django_co` FOREIGN KEY (`content_type_id`) REFERENCES `django_content_type` (`id`)
) ENGINE=InnoDB DEFAULT CHARSET=latin1;

/*Data for the table `auth_permission` */

insert  into `auth_permission`(`id`,`name`,`content_type_id`,`codename`) values (1,'Can add log entry',1,'add_logentry'),(2,'Can change log entry',1,'change_logentry'),(3,'Can delete log entry',1,'delete_logentry'),(4,'Can add permission',2,'add_permission'),(5,'Can change permission',2,'change_permission'),(6,'Can delete permission',2,'delete_permission'),(7,'Can add group',3,'add_group'),(8,'Can change group',3,'change_group'),(9,'Can delete group',3,'delete_group'),(10,'Can add user',4,'add_user'),(11,'Can change user',4,'change_user'),(12,'Can delete user',4,'delete_user'),(13,'Can add content type',5,'add_contenttype'),(14,'Can change content type',5,'change_contenttype'),(15,'Can delete content type',5,'delete_contenttype'),(16,'Can add session',6,'add_session'),(17,'Can change session',6,'change_session'),(18,'Can delete session',6,'delete_session'),(19,'Can add message',7,'add_message'),(20,'Can change message',7,'change_message'),(21,'Can delete message',7,'delete_message'),(22,'Can add host',8,'add_host'),(23,'Can change host',8,'change_host'),(24,'Can delete host',8,'delete_host'),(25,'Can add monitor',9,'add_monitor'),(26,'Can change monitor',9,'change_monitor'),(27,'Can delete monitor',9,'delete_monitor'),(28,'Can add host_info',10,'add_host_info'),(29,'Can change host_info',10,'change_host_info'),(30,'Can delete host_info',10,'delete_host_info'),(31,'Can add from_mail',11,'add_from_mail'),(32,'Can change from_mail',11,'change_from_mail'),(33,'Can delete from_mail',11,'delete_from_mail'),(34,'Can add to_mail',12,'add_to_mail'),(35,'Can change to_mail',12,'change_to_mail'),(36,'Can delete to_mail',12,'delete_to_mail'),(37,'Can add target',13,'add_target'),(38,'Can change target',13,'change_target'),(39,'Can delete target',13,'delete_target'),(40,'Can add login user',14,'add_loginuser'),(41,'Can change login user',14,'change_loginuser'),(42,'Can delete login user',14,'delete_loginuser');

/*Table structure for table `auth_user` */

DROP TABLE IF EXISTS `auth_user`;

CREATE TABLE `auth_user` (
  `id` int(11) NOT NULL auto_increment,
  `password` varchar(128) NOT NULL,
  `last_login` datetime default NULL,
  `is_superuser` tinyint(1) NOT NULL,
  `username` varchar(150) NOT NULL,
  `first_name` varchar(30) NOT NULL,
  `last_name` varchar(150) NOT NULL,
  `email` varchar(254) NOT NULL,
  `is_staff` tinyint(1) NOT NULL,
  `is_active` tinyint(1) NOT NULL,
  `date_joined` datetime NOT NULL,
  PRIMARY KEY  (`id`),
  UNIQUE KEY `username` (`username`)
) ENGINE=InnoDB DEFAULT CHARSET=latin1;

/*Data for the table `auth_user` */

insert  into `auth_user`(`id`,`password`,`last_login`,`is_superuser`,`username`,`first_name`,`last_name`,`email`,`is_staff`,`is_active`,`date_joined`) values (1,'pbkdf2_sha256$120000$sxoK5UXd0ghk$IeJ27XYDC7nKH3u5YFW2GCyyci8Mfu36E9WDon9hw60=','2019-06-09 13:42:10',1,'root','','','',1,1,'2019-06-01 05:45:40');

/*Table structure for table `auth_user_groups` */

DROP TABLE IF EXISTS `auth_user_groups`;

CREATE TABLE `auth_user_groups` (
  `id` int(11) NOT NULL auto_increment,
  `user_id` int(11) NOT NULL,
  `group_id` int(11) NOT NULL,
  PRIMARY KEY  (`id`),
  UNIQUE KEY `auth_user_groups_user_id_group_id_94350c0c_uniq` (`user_id`,`group_id`),
  KEY `auth_user_groups_group_id_97559544_fk_auth_group_id` (`group_id`),
  CONSTRAINT `auth_user_groups_group_id_97559544_fk_auth_group_id` FOREIGN KEY (`group_id`) REFERENCES `auth_group` (`id`),
  CONSTRAINT `auth_user_groups_user_id_6a12ed8b_fk_auth_user_id` FOREIGN KEY (`user_id`) REFERENCES `auth_user` (`id`)
) ENGINE=InnoDB DEFAULT CHARSET=latin1;

/*Data for the table `auth_user_groups` */

/*Table structure for table `auth_user_user_permissions` */

DROP TABLE IF EXISTS `auth_user_user_permissions`;

CREATE TABLE `auth_user_user_permissions` (
  `id` int(11) NOT NULL auto_increment,
  `user_id` int(11) NOT NULL,
  `permission_id` int(11) NOT NULL,
  PRIMARY KEY  (`id`),
  UNIQUE KEY `auth_user_user_permissions_user_id_permission_id_14a6b632_uniq` (`user_id`,`permission_id`),
  KEY `auth_user_user_permi_permission_id_1fbb5f2c_fk_auth_perm` (`permission_id`),
  CONSTRAINT `auth_user_user_permissions_user_id_a95ead1b_fk_auth_user_id` FOREIGN KEY (`user_id`) REFERENCES `auth_user` (`id`),
  CONSTRAINT `auth_user_user_permi_permission_id_1fbb5f2c_fk_auth_perm` FOREIGN KEY (`permission_id`) REFERENCES `auth_permission` (`id`)
) ENGINE=InnoDB DEFAULT CHARSET=latin1;

/*Data for the table `auth_user_user_permissions` */

/*Table structure for table `bmc_admin_host` */

DROP TABLE IF EXISTS `bmc_admin_host`;

CREATE TABLE `bmc_admin_host` (
  `id` int(11) NOT NULL auto_increment,
  `system` varchar(20) NOT NULL,
  `ip` char(39) NOT NULL,
  `community` varchar(10) NOT NULL,
  `in_time` datetime NOT NULL,
  PRIMARY KEY  (`id`),
  UNIQUE KEY `ip` (`ip`)
) ENGINE=InnoDB DEFAULT CHARSET=latin1;

/*Data for the table `bmc_admin_host` */

insert  into `bmc_admin_host`(`id`,`system`,`ip`,`community`,`in_time`) values (19,'Linux','192.168.159.134','zhoukun','2019-05-13 05:54:58');

/*Table structure for table `bmc_admin_host_info` */

DROP TABLE IF EXISTS `bmc_admin_host_info`;

CREATE TABLE `bmc_admin_host_info` (
  `id` int(11) NOT NULL auto_increment,
  `host_name` varchar(30) NOT NULL,
  `int_num` int(11) NOT NULL,
  `int_info` varchar(70) NOT NULL,
  `host_ip` char(39) NOT NULL,
  `total_memo` varchar(20) NOT NULL,
  `cpu_info` varchar(70) NOT NULL,
  PRIMARY KEY  (`id`),
  UNIQUE KEY `host_ip` (`host_ip`)
) ENGINE=InnoDB DEFAULT CHARSET=latin1;

/*Data for the table `bmc_admin_host_info` */

insert  into `bmc_admin_host_info`(`id`,`host_name`,`int_num`,`int_info`,`host_ip`,`total_memo`,`cpu_info`) values (1,'localhost.localdomain',2,'[\'lo\', \'ens33\']','192.168.159.134','999936','AuthenticAMD: AMD A10-7300 Radeon R6, 10 Compute Cores 4C+6G');

/*Table structure for table `django_admin_log` */

DROP TABLE IF EXISTS `django_admin_log`;

CREATE TABLE `django_admin_log` (
  `id` int(11) NOT NULL auto_increment,
  `action_time` datetime NOT NULL,
  `object_id` longtext,
  `object_repr` varchar(200) NOT NULL,
  `action_flag` smallint(5) unsigned NOT NULL,
  `change_message` longtext NOT NULL,
  `content_type_id` int(11) default NULL,
  `user_id` int(11) NOT NULL,
  PRIMARY KEY  (`id`),
  KEY `django_admin_log_content_type_id_c4bce8eb_fk_django_co` (`content_type_id`),
  KEY `django_admin_log_user_id_c564eba6_fk_auth_user_id` (`user_id`),
  CONSTRAINT `django_admin_log_content_type_id_c4bce8eb_fk_django_co` FOREIGN KEY (`content_type_id`) REFERENCES `django_content_type` (`id`),
  CONSTRAINT `django_admin_log_user_id_c564eba6_fk_auth_user_id` FOREIGN KEY (`user_id`) REFERENCES `auth_user` (`id`)
) ENGINE=InnoDB DEFAULT CHARSET=latin1;

/*Data for the table `django_admin_log` */

insert  into `django_admin_log`(`id`,`action_time`,`object_id`,`object_repr`,`action_flag`,`change_message`,`content_type_id`,`user_id`) values (1,'2019-06-01 05:48:19','1','LoginUser object (1)',1,'[{\"added\": {}}]',14,1),(2,'2019-06-09 13:42:18','1','root',2,'[]',14,1);

/*Table structure for table `django_content_type` */

DROP TABLE IF EXISTS `django_content_type`;

CREATE TABLE `django_content_type` (
  `id` int(11) NOT NULL auto_increment,
  `app_label` varchar(100) NOT NULL,
  `model` varchar(100) NOT NULL,
  PRIMARY KEY  (`id`),
  UNIQUE KEY `django_content_type_app_label_model_76bd3d3b_uniq` (`app_label`,`model`)
) ENGINE=InnoDB DEFAULT CHARSET=latin1;

/*Data for the table `django_content_type` */

insert  into `django_content_type`(`id`,`app_label`,`model`) values (1,'admin','logentry'),(3,'auth','group'),(2,'auth','permission'),(4,'auth','user'),(8,'bmc_admin','host'),(10,'bmc_admin','host_info'),(5,'contenttypes','contenttype'),(14,'login','loginuser'),(11,'message','from_mail'),(7,'message','message'),(13,'message','target'),(12,'message','to_mail'),(9,'monitor','monitor'),(6,'sessions','session');

/*Table structure for table `django_migrations` */

DROP TABLE IF EXISTS `django_migrations`;

CREATE TABLE `django_migrations` (
  `id` int(11) NOT NULL auto_increment,
  `app` varchar(255) NOT NULL,
  `name` varchar(255) NOT NULL,
  `applied` datetime NOT NULL,
  PRIMARY KEY  (`id`)
) ENGINE=InnoDB DEFAULT CHARSET=latin1;

/*Data for the table `django_migrations` */

insert  into `django_migrations`(`id`,`app`,`name`,`applied`) values (1,'contenttypes','0001_initial','2019-04-20 11:17:28'),(2,'auth','0001_initial','2019-04-20 11:17:28'),(3,'admin','0001_initial','2019-04-20 11:17:29'),(4,'admin','0002_logentry_remove_auto_add','2019-04-20 11:17:29'),(5,'contenttypes','0002_remove_content_type_name','2019-04-20 11:17:29'),(6,'auth','0002_alter_permission_name_max_length','2019-04-20 11:17:29'),(7,'auth','0003_alter_user_email_max_length','2019-04-20 11:17:29'),(8,'auth','0004_alter_user_username_opts','2019-04-20 11:17:29'),(9,'auth','0005_alter_user_last_login_null','2019-04-20 11:17:29'),(10,'auth','0006_require_contenttypes_0002','2019-04-20 11:17:29'),(11,'auth','0007_alter_validators_add_error_messages','2019-04-20 11:17:29'),(12,'auth','0008_alter_user_username_max_length','2019-04-20 11:17:29'),(13,'auth','0009_alter_user_last_name_max_length','2019-04-20 11:17:29'),(14,'bmc_admin','0001_initial','2019-04-20 11:17:29'),(15,'message','0001_initial','2019-04-20 11:17:29'),(16,'monitor','0001_initial','2019-04-20 11:17:29'),(17,'sessions','0001_initial','2019-04-20 11:17:29'),(18,'bmc_admin','0002_host_info','2019-04-20 11:18:09'),(19,'bmc_admin','0003_host_info_total_memo','2019-04-20 11:43:09'),(20,'monitor','0002_remove_monitor_mem_total','2019-04-20 11:43:10'),(21,'message','0002_auto_20190509_2021','2019-05-09 12:21:42'),(22,'message','0003_auto_20190510_1223','2019-05-10 04:23:30'),(23,'message','0004_auto_20190511_1425','2019-05-11 06:25:55'),(24,'message','0005_auto_20190511_1441','2019-05-11 06:41:18'),(25,'message','0006_target','2019-05-13 00:37:31'),(26,'bmc_admin','0004_auto_20190513_1155','2019-05-13 03:55:34'),(27,'bmc_admin','0005_host_info_cpu_info','2019-05-13 04:20:25'),(28,'bmc_admin','0006_auto_20190513_1353','2019-05-13 05:54:04'),(29,'bmc_admin','0007_auto_20190514_0950','2019-05-14 01:50:21'),(30,'bmc_admin','0008_auto_20190514_0954','2019-05-14 01:54:54'),(31,'bmc_admin','0009_auto_20190514_1008','2019-05-14 02:09:08'),(32,'monitor','0003_auto_20190514_1048','2019-05-14 02:48:44'),(33,'monitor','0004_auto_20190515_1459','2019-05-15 06:59:15'),(34,'monitor','0005_auto_20190515_1508','2019-05-15 07:08:08'),(35,'login','0001_initial','2019-06-01 05:44:30');

/*Table structure for table `django_session` */

DROP TABLE IF EXISTS `django_session`;

CREATE TABLE `django_session` (
  `session_key` varchar(40) NOT NULL,
  `session_data` longtext NOT NULL,
  `expire_date` datetime NOT NULL,
  PRIMARY KEY  (`session_key`),
  KEY `django_session_expire_date_a5c62663` (`expire_date`)
) ENGINE=InnoDB DEFAULT CHARSET=latin1;

/*Data for the table `django_session` */

insert  into `django_session`(`session_key`,`session_data`,`expire_date`) values ('02wnmmm5mhsh03fza8bxdi9mhkxtbli9','MjM2ZTY3YjYxZTI2MGNkYjAzNTBjOGIwNTM1ZDM3ZDhkZTRkZWQ5Zjp7InVzZXJuYW1lIjoicm9vdCIsImlzX2xvZ2luIjp0cnVlLCJfc2Vzc2lvbl9leHBpcnkiOjMwMH0=','2019-06-07 07:39:38'),('14k2exud3n64qsriwqgn6l2o07k9hhi6','ZTE4OGRiOTJmZjY1ODUyYzUxOTdhNDllYjNiZTJlMTczYmU3MTcyZTp7InVzZXJuYW1lIjoicm9vdCIsImlzX2xvZ2luIjp0cnVlLCJfc2Vzc2lvbl9leHBpcnkiOjE4MDB9','2019-06-03 07:56:12'),('1iamchtjl7urak671kojt3m2vtd2hh1i','MjM2ZTY3YjYxZTI2MGNkYjAzNTBjOGIwNTM1ZDM3ZDhkZTRkZWQ5Zjp7InVzZXJuYW1lIjoicm9vdCIsImlzX2xvZ2luIjp0cnVlLCJfc2Vzc2lvbl9leHBpcnkiOjMwMH0=','2019-06-09 05:09:08'),('4usifebw326xds76oday4gidnvv1xo5v','MjM2ZTY3YjYxZTI2MGNkYjAzNTBjOGIwNTM1ZDM3ZDhkZTRkZWQ5Zjp7InVzZXJuYW1lIjoicm9vdCIsImlzX2xvZ2luIjp0cnVlLCJfc2Vzc2lvbl9leHBpcnkiOjMwMH0=','2019-06-01 08:09:36'),('7wl7sga9jgk1uqbiwjibjwb3cnxdxj0o','MjM2ZTY3YjYxZTI2MGNkYjAzNTBjOGIwNTM1ZDM3ZDhkZTRkZWQ5Zjp7InVzZXJuYW1lIjoicm9vdCIsImlzX2xvZ2luIjp0cnVlLCJfc2Vzc2lvbl9leHBpcnkiOjMwMH0=','2019-06-01 16:42:08'),('8alr53do3qeepymm8rhh26gwqcd5hpp1','MjM2ZTY3YjYxZTI2MGNkYjAzNTBjOGIwNTM1ZDM3ZDhkZTRkZWQ5Zjp7InVzZXJuYW1lIjoicm9vdCIsImlzX2xvZ2luIjp0cnVlLCJfc2Vzc2lvbl9leHBpcnkiOjMwMH0=','2019-06-10 02:10:47'),('9cftgo4qyz2yt9l1vxq27tdnhl71jeyc','ZTE4OGRiOTJmZjY1ODUyYzUxOTdhNDllYjNiZTJlMTczYmU3MTcyZTp7InVzZXJuYW1lIjoicm9vdCIsImlzX2xvZ2luIjp0cnVlLCJfc2Vzc2lvbl9leHBpcnkiOjE4MDB9','2019-06-07 08:51:54'),('b34wkg5rfjr58ppffz63yjwji9jbvhur','MjM2ZTY3YjYxZTI2MGNkYjAzNTBjOGIwNTM1ZDM3ZDhkZTRkZWQ5Zjp7InVzZXJuYW1lIjoicm9vdCIsImlzX2xvZ2luIjp0cnVlLCJfc2Vzc2lvbl9leHBpcnkiOjMwMH0=','2019-06-07 08:04:18'),('b3hq3svag3pdkgunh87rkc0767kbqs13','ZTE4OGRiOTJmZjY1ODUyYzUxOTdhNDllYjNiZTJlMTczYmU3MTcyZTp7InVzZXJuYW1lIjoicm9vdCIsImlzX2xvZ2luIjp0cnVlLCJfc2Vzc2lvbl9leHBpcnkiOjE4MDB9','2019-06-09 13:32:58'),('ei0lx9902btoh65hj4f1ks57b5bb10i2','MjM2ZTY3YjYxZTI2MGNkYjAzNTBjOGIwNTM1ZDM3ZDhkZTRkZWQ5Zjp7InVzZXJuYW1lIjoicm9vdCIsImlzX2xvZ2luIjp0cnVlLCJfc2Vzc2lvbl9leHBpcnkiOjMwMH0=','2019-06-07 07:52:47'),('fx5iyh3wnboea4iqnygf3kkd4wnu09hr','ZTE4OGRiOTJmZjY1ODUyYzUxOTdhNDllYjNiZTJlMTczYmU3MTcyZTp7InVzZXJuYW1lIjoicm9vdCIsImlzX2xvZ2luIjp0cnVlLCJfc2Vzc2lvbl9leHBpcnkiOjE4MDB9','2019-06-10 06:20:49'),('hac315d04skoeqhualqwhnn3qikbk8ju','ZTE4OGRiOTJmZjY1ODUyYzUxOTdhNDllYjNiZTJlMTczYmU3MTcyZTp7InVzZXJuYW1lIjoicm9vdCIsImlzX2xvZ2luIjp0cnVlLCJfc2Vzc2lvbl9leHBpcnkiOjE4MDB9','2019-06-03 07:02:46'),('jakqmkyi5vvmzwelhvmook37f89e1q7c','ZTE4OGRiOTJmZjY1ODUyYzUxOTdhNDllYjNiZTJlMTczYmU3MTcyZTp7InVzZXJuYW1lIjoicm9vdCIsImlzX2xvZ2luIjp0cnVlLCJfc2Vzc2lvbl9leHBpcnkiOjE4MDB9','2019-06-02 11:15:29'),('nmx7wlb28wbtskjazf52c0fu1znxnfu8','ZTE4OGRiOTJmZjY1ODUyYzUxOTdhNDllYjNiZTJlMTczYmU3MTcyZTp7InVzZXJuYW1lIjoicm9vdCIsImlzX2xvZ2luIjp0cnVlLCJfc2Vzc2lvbl9leHBpcnkiOjE4MDB9','2019-06-09 14:56:20'),('nweq25ilgkf3iw7jvv4sk00lhl43e3rl','ZTE4OGRiOTJmZjY1ODUyYzUxOTdhNDllYjNiZTJlMTczYmU3MTcyZTp7InVzZXJuYW1lIjoicm9vdCIsImlzX2xvZ2luIjp0cnVlLCJfc2Vzc2lvbl9leHBpcnkiOjE4MDB9','2019-06-09 08:45:32'),('o32h112d5slipb2xqhiezer7uia5q82f','ZTE4OGRiOTJmZjY1ODUyYzUxOTdhNDllYjNiZTJlMTczYmU3MTcyZTp7InVzZXJuYW1lIjoicm9vdCIsImlzX2xvZ2luIjp0cnVlLCJfc2Vzc2lvbl9leHBpcnkiOjE4MDB9','2019-06-07 09:25:46'),('p31jv8uks6kyon2zt400pepv147kcdo7','ZTE4OGRiOTJmZjY1ODUyYzUxOTdhNDllYjNiZTJlMTczYmU3MTcyZTp7InVzZXJuYW1lIjoicm9vdCIsImlzX2xvZ2luIjp0cnVlLCJfc2Vzc2lvbl9leHBpcnkiOjE4MDB9','2019-06-09 04:54:04'),('pewlq6b4vsuty7ut0amjwguzmqcvh5oe','ZTE4OGRiOTJmZjY1ODUyYzUxOTdhNDllYjNiZTJlMTczYmU3MTcyZTp7InVzZXJuYW1lIjoicm9vdCIsImlzX2xvZ2luIjp0cnVlLCJfc2Vzc2lvbl9leHBpcnkiOjE4MDB9','2019-06-09 14:05:31'),('qu461aw9dk2yxg7z2ctzrq4o1x8wq6ci','ZTE4OGRiOTJmZjY1ODUyYzUxOTdhNDllYjNiZTJlMTczYmU3MTcyZTp7InVzZXJuYW1lIjoicm9vdCIsImlzX2xvZ2luIjp0cnVlLCJfc2Vzc2lvbl9leHBpcnkiOjE4MDB9','2019-06-10 00:11:23'),('su1ot0nnudsc0y0wzartgmg4ysdty0qw','ZTE4OGRiOTJmZjY1ODUyYzUxOTdhNDllYjNiZTJlMTczYmU3MTcyZTp7InVzZXJuYW1lIjoicm9vdCIsImlzX2xvZ2luIjp0cnVlLCJfc2Vzc2lvbl9leHBpcnkiOjE4MDB9','2019-06-09 15:32:59'),('uhkfprw5hp7dwf5icb4ltjkwbtln6v6g','ZTE4OGRiOTJmZjY1ODUyYzUxOTdhNDllYjNiZTJlMTczYmU3MTcyZTp7InVzZXJuYW1lIjoicm9vdCIsImlzX2xvZ2luIjp0cnVlLCJfc2Vzc2lvbl9leHBpcnkiOjE4MDB9','2019-06-06 08:24:08'),('umn5gjlwa1cxb5a6d9ipf50cxocdx2dr','MjM2ZTY3YjYxZTI2MGNkYjAzNTBjOGIwNTM1ZDM3ZDhkZTRkZWQ5Zjp7InVzZXJuYW1lIjoicm9vdCIsImlzX2xvZ2luIjp0cnVlLCJfc2Vzc2lvbl9leHBpcnkiOjMwMH0=','2019-06-06 08:42:23'),('x59y7198i35x2gjfs0mx1ubkmt9t8d5x','ZTE4OGRiOTJmZjY1ODUyYzUxOTdhNDllYjNiZTJlMTczYmU3MTcyZTp7InVzZXJuYW1lIjoicm9vdCIsImlzX2xvZ2luIjp0cnVlLCJfc2Vzc2lvbl9leHBpcnkiOjE4MDB9','2019-06-09 05:53:26'),('xntg3jo5o2t4a2g9d7myxnpw08q30sre','MjM2ZTY3YjYxZTI2MGNkYjAzNTBjOGIwNTM1ZDM3ZDhkZTRkZWQ5Zjp7InVzZXJuYW1lIjoicm9vdCIsImlzX2xvZ2luIjp0cnVlLCJfc2Vzc2lvbl9leHBpcnkiOjMwMH0=','2019-06-07 08:18:13'),('ym37997g23ke02o23w4cy7gb3lhf161y','NmRjYzA4YjA4NjRiNWE4MmQ2ZWNhODIwYzg3MzdkYTk4MjUzZTQwNTp7Il9hdXRoX3VzZXJfaWQiOiIxIiwiX2F1dGhfdXNlcl9iYWNrZW5kIjoiZGphbmdvLmNvbnRyaWIuYXV0aC5iYWNrZW5kcy5Nb2RlbEJhY2tlbmQiLCJfYXV0aF91c2VyX2hhc2giOiJjNGU0OWI3MmUzNTEwZjhmZGFkYzU2NTdjNjU5NDE2MTJjYTg2YjYwIn0=','2019-06-23 13:42:10'),('yxal7fa54rcie61b0sd9lqbd655jjx8p','MjM2ZTY3YjYxZTI2MGNkYjAzNTBjOGIwNTM1ZDM3ZDhkZTRkZWQ5Zjp7InVzZXJuYW1lIjoicm9vdCIsImlzX2xvZ2luIjp0cnVlLCJfc2Vzc2lvbl9leHBpcnkiOjMwMH0=','2019-06-07 07:45:29'),('zdnupgpbqu8keli7hvjuid47154bw0jb','ZTE4OGRiOTJmZjY1ODUyYzUxOTdhNDllYjNiZTJlMTczYmU3MTcyZTp7InVzZXJuYW1lIjoicm9vdCIsImlzX2xvZ2luIjp0cnVlLCJfc2Vzc2lvbl9leHBpcnkiOjE4MDB9','2019-06-09 04:54:25'),('zgio7lyldlyqle80iv5zghc21ycnkeni','ZTE4OGRiOTJmZjY1ODUyYzUxOTdhNDllYjNiZTJlMTczYmU3MTcyZTp7InVzZXJuYW1lIjoicm9vdCIsImlzX2xvZ2luIjp0cnVlLCJfc2Vzc2lvbl9leHBpcnkiOjE4MDB9','2019-06-07 07:32:01');

/*Table structure for table `login_loginuser` */

DROP TABLE IF EXISTS `login_loginuser`;

CREATE TABLE `login_loginuser` (
  `id` int(11) NOT NULL auto_increment,
  `username` varchar(20) NOT NULL,
  `userpasswd` varchar(30) NOT NULL,
  `in_time` datetime NOT NULL,
  PRIMARY KEY  (`id`)
) ENGINE=InnoDB DEFAULT CHARSET=latin1;

/*Data for the table `login_loginuser` */

insert  into `login_loginuser`(`id`,`username`,`userpasswd`,`in_time`) values (1,'root','123456','2019-06-01 05:48:19');

/*Table structure for table `message_from_mail` */

DROP TABLE IF EXISTS `message_from_mail`;

CREATE TABLE `message_from_mail` (
  `id` int(11) NOT NULL auto_increment,
  `form_mail_add` varchar(30) NOT NULL,
  `passwd` varchar(20) NOT NULL,
  `in_time` datetime NOT NULL,
  PRIMARY KEY  (`id`),
  UNIQUE KEY `message_from_mail_form_mail_add_2057b53a_uniq` (`form_mail_add`)
) ENGINE=InnoDB DEFAULT CHARSET=latin1;

/*Data for the table `message_from_mail` */

insert  into `message_from_mail`(`id`,`form_mail_add`,`passwd`,`in_time`) values (3,'bmc_message@163.com','zhoukun1996','2019-06-09 13:04:29');

/*Table structure for table `message_target` */

DROP TABLE IF EXISTS `message_target`;

CREATE TABLE `message_target` (
  `id` int(11) NOT NULL auto_increment,
  `target` varchar(20) NOT NULL,
  `value` varchar(10) NOT NULL,
  `in_time` datetime NOT NULL,
  PRIMARY KEY  (`id`)
) ENGINE=InnoDB DEFAULT CHARSET=latin1;

/*Data for the table `message_target` */

insert  into `message_target`(`id`,`target`,`value`,`in_time`) values (2,'CPU','80','2019-05-13 06:17:14');

/*Table structure for table `message_to_mail` */

DROP TABLE IF EXISTS `message_to_mail`;

CREATE TABLE `message_to_mail` (
  `id` int(11) NOT NULL auto_increment,
  `to_mail` varchar(30) NOT NULL,
  `in_time` datetime NOT NULL,
  PRIMARY KEY  (`id`),
  UNIQUE KEY `message_to_mail_to_mail_a00bd7a9_uniq` (`to_mail`)
) ENGINE=InnoDB DEFAULT CHARSET=latin1;

/*Data for the table `message_to_mail` */

insert  into `message_to_mail`(`id`,`to_mail`,`in_time`) values (3,'z1159105388@163.com','2019-06-09 14:43:12');

/*Table structure for table `monitor_monitor` */

DROP TABLE IF EXISTS `monitor_monitor`;

CREATE TABLE `monitor_monitor` (
  `id` int(11) NOT NULL auto_increment,
  `ip_add` char(39) NOT NULL,
  `mem_free` varchar(20) default NULL,
  `free_cpu_percent` varchar(20) default NULL,
  `use_time` varchar(20) NOT NULL,
  `in_time` datetime NOT NULL,
  `min_1` double default NULL,
  `min_15` double default NULL,
  `min_5` double default NULL,
  PRIMARY KEY  (`id`)
) ENGINE=InnoDB DEFAULT CHARSET=latin1;

/*Data for the table `monitor_monitor` */

insert  into `monitor_monitor`(`id`,`ip_add`,`mem_free`,`free_cpu_percent`,`use_time`,`in_time`,`min_1`,`min_15`,`min_5`) values (1150,'192.168.159.134','669684','99','07:29:57','2019-05-13 16:36:50',1,1,1),(1151,'192.168.159.134','669684','99','07:30:07','2019-05-13 16:37:01',1,1,1),(1152,'192.168.159.134','669716','99','07:30:18','2019-05-13 16:37:11',1,1,1),(1153,'192.168.159.134','669684','99','07:30:28','2019-05-13 16:37:22',1,1,1),(1155,'192.168.159.134','669684','99','07:30:39','2019-05-13 16:37:32',1,1,1),(1157,'192.168.159.134','669684','99','07:30:49','2019-05-13 16:37:43',1,1,1),(1163,'192.168.159.134','667684','50','07:31:57','2019-05-13 16:38:50',1,1,1),(1165,'192.168.159.134','667684','32','07:32:07','2019-05-13 16:39:01',1,1,1),(1166,'192.168.159.134','667684','14','07:32:18','2019-05-13 16:39:11',1,1,1),(1167,'192.168.159.134','667684','0','07:32:29','2019-05-13 16:39:22',1,1,1),(1168,'192.168.159.134','667684','0','07:32:40','2019-05-13 16:39:33',1,1,1),(1169,'192.168.159.134','667684','0','07:32:50','2019-05-13 16:39:44',1,1,1),(1173,'192.168.159.134','667684','0','07:33:23','2019-05-13 16:40:16',1,1,1),(1176,'192.168.159.134','667684','0','07:33:35','2019-05-13 16:40:28',1,1,1),(1177,'192.168.159.134','669392','99','08:57:38','2019-05-13 18:04:31',1,1,1),(1178,'192.168.159.134','669584','99','08:57:49','2019-05-13 18:04:42',1,1,1),(1179,'192.168.159.134','669584','99','08:57:59','2019-05-13 18:04:53',1,1,1),(1180,'192.168.159.134','669584','99','08:58:10','2019-05-13 18:05:03',1,1,1),(1181,'192.168.159.134','669584','99','08:58:20','2019-05-13 18:05:14',1,1,1),(1182,'192.168.159.134','669584','99','08:58:31','2019-05-13 18:05:24',1,1,1),(1183,'192.168.159.134','669584','99','08:58:37','2019-05-13 18:05:31',1,1,1),(1184,'192.168.159.134','669584','99','08:58:49','2019-05-13 18:05:42',1,1,1),(1185,'192.168.159.134','669584','99','08:58:59','2019-05-13 18:05:53',1,1,1),(1186,'192.168.159.134','669584','99','08:59:10','2019-05-13 18:06:03',1,1,1),(1187,'192.168.159.134','669584','99','08:59:20','2019-05-13 18:06:14',1,1,1),(1188,'192.168.159.134','669584','99','08:59:31','2019-05-13 18:06:24',1,1,1),(1189,'192.168.159.134','669584','99','08:59:41','2019-05-13 18:06:35',1,1,1),(1190,'192.168.159.134','669584','99','08:59:52','2019-05-13 18:06:46',1,1,1),(1191,'192.168.159.134','669584','99','09:00:03','2019-05-13 18:06:56',1,1,1),(1192,'192.168.159.134','669584','99','09:00:10','2019-05-13 18:07:03',1,1,1),(1193,'192.168.159.134','669568','99','09:00:41','2019-05-13 18:07:35',1,1,1),(1194,'192.168.159.134','669568','99','09:00:52','2019-05-13 18:07:45',1,1,1),(1195,'192.168.159.134','669568','99','09:01:12','2019-05-13 18:08:05',1,1,1),(1196,'192.168.159.134','669568','99','09:01:22','2019-05-13 18:08:16',1,1,1),(1197,'192.168.159.134','669568','99','09:01:33','2019-05-13 18:08:26',1,1,1),(1198,'192.168.159.134','669568','99','09:01:44','2019-05-13 18:08:37',1,1,1),(1199,'192.168.159.134','667512','99','09:01:55','2019-05-13 18:08:48',1,1,1),(1200,'192.168.159.134','667512','83','09:02:05','2019-05-13 18:08:59',1,1,1),(1201,'192.168.159.134','667512','74','09:02:12','2019-05-13 18:09:05',1,1,1),(1202,'192.168.159.134','667512','56','09:02:23','2019-05-13 18:09:16',1,1,1),(1203,'192.168.159.134','667512','28','09:02:33','2019-05-13 18:09:27',1,1,1),(1204,'192.168.159.134','667512','10','09:02:44','2019-05-13 18:09:38',1,1,1),(1205,'192.168.159.134','667512','0','09:02:59','2019-05-13 18:09:52',1,1,1),(1206,'192.168.159.134','667512','0','09:03:09','2019-05-13 18:10:03',1,1,1),(1207,'192.168.159.134','667512','0','09:03:12','2019-05-13 18:10:05',1,1,1),(1208,'192.168.159.134','667512','0','09:03:23','2019-05-13 18:10:16',1,1,1),(1209,'192.168.159.134','667512','0','09:03:33','2019-05-13 18:10:27',1,1,1),(1210,'192.168.159.134','667512','0','09:03:44','2019-05-13 18:10:37',1,1,1),(1211,'192.168.159.134','667512','0','09:03:55','2019-05-13 18:10:48',1,1,1),(1212,'192.168.159.134','667512','0','09:04:05','2019-05-13 18:10:59',1,1,1),(1213,'192.168.159.134','665952','0','09:04:12','2019-05-13 18:11:05',1,1,1),(1214,'192.168.159.134','667008','0','09:04:22','2019-05-13 18:11:16',1,1,1),(1215,'192.168.159.134','667008','0','09:04:33','2019-05-13 18:11:26',1,1,1),(1216,'192.168.159.134','667008','0','09:04:44','2019-05-13 18:11:37',1,1,1),(1217,'192.168.159.134','667008','0','09:04:54','2019-05-13 18:11:48',1,1,1),(1218,'192.168.159.134','667008','0','09:05:05','2019-05-13 18:11:59',1,1,1),(1219,'192.168.159.134','667008','0','09:05:12','2019-05-13 18:12:05',1,1,1),(1220,'192.168.159.134','667008','0','09:05:23','2019-05-13 18:12:16',1,1,1),(1221,'192.168.159.134','667008','0','09:05:34','2019-05-13 18:12:27',1,1,1),(1222,'192.168.159.134','669576','11','09:19:11','2019-05-13 18:26:04',1,1,1),(1223,'192.168.159.134','669576','30','09:19:22','2019-05-13 18:26:15',1,1,1),(1224,'192.168.159.134','669576','49','09:19:33','2019-05-13 18:26:26',1,1,1),(1225,'192.168.159.134','669560','66','09:19:43','2019-05-13 18:26:37',1,1,1),(1226,'192.168.159.134','669560','92','09:19:54','2019-05-13 18:26:48',1,1,1),(1227,'192.168.159.134','669560','99','09:20:05','2019-05-13 18:26:58',1,1,1),(1228,'192.168.159.134','669560','99','09:20:11','2019-05-13 18:27:04',1,1,1),(1229,'192.168.159.134','669560','99','09:20:22','2019-05-13 18:27:15',1,1,1),(1230,'192.168.159.134','669560','99','09:20:33','2019-05-13 18:27:26',1,1,1),(1231,'192.168.159.134','669560','99','09:20:43','2019-05-13 18:27:37',1,1,1),(1232,'192.168.159.134','669560','99','09:20:54','2019-05-13 18:27:48',1,1,1),(1233,'192.168.159.134','669560','99','09:21:05','2019-05-13 18:27:58',1,1,1),(1234,'192.168.159.134','669560','99','09:21:11','2019-05-13 18:28:04',1,1,1),(1235,'192.168.159.134','669560','99','09:21:22','2019-05-13 18:28:15',1,1,1),(1236,'192.168.159.134','669560','99','09:21:32','2019-05-13 18:28:26',1,1,1),(1237,'192.168.159.134','669560','99','09:21:43','2019-05-13 18:28:37',1,1,1),(1238,'192.168.159.134','669560','99','09:21:56','2019-05-13 18:28:49',1,1,1),(1239,'192.168.159.134','669560','99','09:22:07','2019-05-13 18:29:00',1,1,1),(1240,'192.168.159.134','669560','99','09:22:11','2019-05-13 18:29:04',1,1,1),(1241,'192.168.159.134','669560','99','09:22:22','2019-05-13 18:29:15',1,1,1),(1242,'192.168.159.134','669560','99','09:22:33','2019-05-13 18:29:26',1,1,1),(1243,'192.168.159.134','669560','99','09:22:44','2019-05-13 18:29:37',1,1,1),(1244,'192.168.159.134','669368','99','09:22:55','2019-05-13 18:29:48',1,1,1),(1245,'192.168.159.134','669560','99','09:23:05','2019-05-13 18:29:59',1,1,1),(1246,'192.168.159.134','669560','99','09:23:11','2019-05-13 18:30:04',1,1,1),(1247,'192.168.159.134','669560','99','09:23:23','2019-05-13 18:30:16',1,1,1),(1248,'192.168.159.134','669560','99','09:23:34','2019-05-13 18:30:27',1,1,1),(1249,'192.168.159.134','669560','99','09:23:45','2019-05-13 18:30:38',1,1,1),(1250,'192.168.159.134','669560','99','09:23:56','2019-05-13 18:30:49',1,1,1),(1251,'192.168.159.134','669560','99','09:24:08','2019-05-13 18:31:01',1,1,1),(1252,'192.168.159.134','669560','99','09:24:11','2019-05-13 18:31:04',1,1,1),(1253,'192.168.159.134','669560','99','09:24:22','2019-05-13 18:31:15',1,1,1),(1254,'192.168.159.134','669560','99','09:24:32','2019-05-13 18:31:26',1,1,1),(1294,'192.168.159.134','667516','31','09:39:33','2019-05-15 16:48:39',0.88,0.29,0.27),(1313,'192.168.159.134','667516','0','09:41:38','2019-05-15 16:50:44',1.41,0.42,0.65),(1314,'192.168.159.134','669548','99','09:46:30','2019-05-29 20:42:44',0.38,0.55,0.75),(1316,'192.168.159.134','669548','99','09:48:08','2019-05-29 20:44:23',0.08,0.49,0.54),(1318,'192.168.159.134','669548','99','09:48:19','2019-05-29 20:44:34',0.06,0.49,0.52),(1320,'192.168.159.134','669548','99','09:48:30','2019-05-29 20:44:45',0.05,0.48,0.5),(1322,'192.168.159.134','669548','99','09:48:41','2019-05-29 20:44:55',0.04,0.48,0.48),(1324,'192.168.159.134','669548','99','09:48:51','2019-05-29 20:45:06',0.04,0.47,0.47),(1326,'192.168.159.134','669548','99','09:49:02','2019-05-29 20:45:17',0.03,0.47,0.45),(1329,'192.168.159.134','669548','99','09:59:04','2019-05-29 20:55:19',0,0.25,0.07),(1331,'192.168.159.134','669548','99','09:59:15','2019-05-29 20:55:30',0,0.24,0.07),(1333,'192.168.159.134','669548','99','09:59:26','2019-05-29 20:55:41',0,0.24,0.06),(1335,'192.168.159.134','669548','99','09:59:37','2019-05-29 20:55:51',0,0.24,0.06),(1337,'192.168.159.134','669548','99','09:59:47','2019-05-29 20:56:02',0,0.24,0.06),(1338,'192.168.159.134','669548','99','09:59:58','2019-05-29 20:56:13',0,0.23,0.06),(1339,'192.168.159.134','669032','99','12:19:12','2019-06-09 13:09:37',0,0.05,0.01),(1340,'192.168.159.134','669032','99','12:19:36','2019-06-09 13:10:01',0,0.05,0.01),(1341,'192.168.159.134','667952','99','12:20:10','2019-06-09 13:10:35',0.15,0.06,0.05),(1342,'192.168.159.134','667952','99','12:20:12','2019-06-09 13:10:37',0.14,0.06,0.05),(1343,'192.168.159.134','669008','99','12:20:36','2019-06-09 13:11:01',0.09,0.05,0.04),(1344,'192.168.159.134','666952','99','12:20:47','2019-06-09 13:11:12',0.16,0.06,0.06),(1345,'192.168.159.134','666952','85','12:20:58','2019-06-09 13:11:23',0.29,0.07,0.09),(1346,'192.168.159.134','666952','60','12:21:10','2019-06-09 13:11:34',0.48,0.08,0.14),(1347,'192.168.159.134','666952','60','12:21:12','2019-06-09 13:11:37',0.52,0.09,0.15),(1348,'192.168.159.134','666952','32','12:21:24','2019-06-09 13:11:49',0.59,0.1,0.18),(1349,'192.168.159.134','666952','12','12:21:35','2019-06-09 13:12:00',0.65,0.11,0.2),(1350,'192.168.159.134','666952','0','12:21:47','2019-06-09 13:12:12',0.8,0.13,0.26),(1351,'192.168.159.134','666952','0','12:21:58','2019-06-09 13:12:23',0.83,0.14,0.28),(1352,'192.168.159.134','666936','0','12:22:09','2019-06-09 13:12:34',0.86,0.15,0.31),(1353,'192.168.159.134','666936','0','12:22:12','2019-06-09 13:12:37',0.87,0.15,0.32),(1354,'192.168.159.134','666936','0','12:22:23','2019-06-09 13:12:48',0.89,0.16,0.34),(1355,'192.168.159.134','666936','0','12:22:34','2019-06-09 13:12:59',0.91,0.17,0.36),(1356,'192.168.159.134','666936','0','12:22:45','2019-06-09 13:13:10',0.92,0.18,0.38),(1357,'192.168.159.134','666936','0','12:22:56','2019-06-09 13:13:21',0.94,0.19,0.41),(1358,'192.168.159.134','668992','99','12:25:39','2019-06-09 13:16:03',0.1,0.19,0.3),(1359,'192.168.159.134','668992','99','12:25:50','2019-06-09 13:16:14',0.09,0.19,0.29),(1360,'192.168.159.134','668992','99','12:26:01','2019-06-09 13:16:26',0.07,0.19,0.28),(1361,'192.168.159.134','668992','99','12:26:12','2019-06-09 13:16:37',0.06,0.18,0.27),(1362,'192.168.159.134','668992','99','12:26:23','2019-06-09 13:16:47',0.05,0.18,0.26),(1363,'192.168.159.134','668992','99','12:26:34','2019-06-09 13:16:59',0.04,0.18,0.25),(1364,'192.168.159.134','668992','99','12:26:39','2019-06-09 13:17:04',0.04,0.18,0.25),(1365,'192.168.159.134','668992','99','12:26:52','2019-06-09 13:17:17',0.03,0.18,0.24),(1366,'192.168.159.134','669008','99','12:27:11','2019-06-09 13:17:36',0.02,0.17,0.22),(1367,'192.168.159.134','669008','99','12:27:27','2019-06-09 13:17:52',0.02,0.17,0.21),(1368,'192.168.159.134','669008','99','12:27:38','2019-06-09 13:18:03',0.01,0.17,0.2),(1369,'192.168.159.134','669008','99','12:27:49','2019-06-09 13:18:14',0.01,0.16,0.2),(1370,'192.168.159.134','669008','99','12:28:00','2019-06-09 13:18:25',0.01,0.16,0.19),(1371,'192.168.159.134','669008','99','12:28:11','2019-06-09 13:18:36',0.01,0.16,0.18),(1372,'192.168.159.134','669008','99','12:28:22','2019-06-09 13:18:47',0.01,0.16,0.17),(1373,'192.168.159.134','669008','99','12:28:33','2019-06-09 13:18:58',0.01,0.16,0.17),(1374,'192.168.159.134','669008','99','12:28:38','2019-06-09 13:19:03',0.01,0.16,0.17),(1375,'192.168.159.134','669008','99','12:28:49','2019-06-09 13:19:14',0,0.15,0.16),(1376,'192.168.159.134','669008','99','12:29:01','2019-06-09 13:19:26',0,0.15,0.15),(1377,'192.168.159.134','669008','99','12:29:12','2019-06-09 13:19:37',0,0.15,0.15),(1378,'192.168.159.134','669008','99','12:29:38','2019-06-09 13:20:03',0,0.14,0.14),(1379,'192.168.159.134','669008','99','12:30:04','2019-06-09 13:20:29',0,0.14,0.12),(1380,'192.168.159.134','669008','99','12:30:15','2019-06-09 13:20:40',0,0.14,0.12),(1381,'192.168.159.134','669008','99','12:30:26','2019-06-09 13:20:51',0,0.13,0.11),(1382,'192.168.159.134','669008','99','12:30:37','2019-06-09 13:21:02',0,0.13,0.11),(1383,'192.168.159.134','669008','99','12:30:39','2019-06-09 13:21:03',0,0.13,0.11),(1384,'192.168.159.134','669008','99','12:30:51','2019-06-09 13:21:15',0,0.13,0.11),(1385,'192.168.159.134','669008','99','12:31:03','2019-06-09 13:21:28',0,0.13,0.1),(1386,'192.168.159.134','669008','99','12:31:14','2019-06-09 13:21:39',0,0.13,0.1),(1387,'192.168.159.134','669008','99','12:31:25','2019-06-09 13:21:50',0,0.13,0.1),(1388,'192.168.159.134','669008','99','12:31:36','2019-06-09 13:22:01',0,0.13,0.09),(1389,'192.168.159.134','669008','99','12:31:39','2019-06-09 13:22:03',0,0.13,0.09),(1390,'192.168.159.134','669008','99','12:31:49','2019-06-09 13:22:14',0,0.13,0.09),(1391,'192.168.159.134','669008','99','12:32:00','2019-06-09 13:22:25',0,0.13,0.08),(1392,'192.168.159.134','669008','99','12:32:11','2019-06-09 13:22:36',0,0.12,0.08),(1393,'192.168.159.134','669008','99','12:32:22','2019-06-09 13:22:47',0,0.12,0.08),(1394,'192.168.159.134','669008','99','12:32:33','2019-06-09 13:22:58',0,0.12,0.07),(1395,'192.168.159.134','669008','99','12:32:38','2019-06-09 13:23:03',0,0.12,0.07),(1396,'192.168.159.134','669008','99','12:32:51','2019-06-09 13:23:16',0,0.12,0.07),(1397,'192.168.159.134','669008','99','12:33:05','2019-06-09 13:23:30',0,0.12,0.07),(1398,'192.168.159.134','669008','99','12:33:19','2019-06-09 13:23:44',0,0.12,0.07),(1399,'192.168.159.134','669008','99','12:33:36','2019-06-09 13:24:00',0,0.12,0.06),(1400,'192.168.159.134','669008','99','12:33:39','2019-06-09 13:24:03',0,0.12,0.06),(1401,'192.168.159.134','669008','99','12:33:54','2019-06-09 13:24:19',0,0.11,0.06),(1402,'192.168.159.134','667952','99','12:34:05','2019-06-09 13:24:30',0,0.11,0.06),(1403,'192.168.159.134','668992','99','12:34:16','2019-06-09 13:24:41',0,0.11,0.05),(1404,'192.168.159.134','669008','99','12:34:29','2019-06-09 13:24:54',0,0.11,0.05),(1405,'192.168.159.134','669008','99','12:34:39','2019-06-09 13:25:03',0,0.11,0.05),(1406,'192.168.159.134','669008','99','12:34:57','2019-06-09 13:25:22',0,0.11,0.05),(1407,'192.168.159.134','669008','99','12:35:26','2019-06-09 13:25:51',0,0.11,0.04),(1408,'192.168.159.134','669008','99','12:35:39','2019-06-09 13:26:03',0,0.1,0.04),(1409,'192.168.159.134','668992','99','12:35:49','2019-06-09 13:26:14',0,0.1,0.04),(1410,'192.168.159.134','668992','99','12:36:00','2019-06-09 13:26:24',0,0.1,0.04),(1411,'192.168.159.134','668992','99','12:36:10','2019-06-09 13:26:35',0,0.1,0.04),(1412,'192.168.159.134','668992','99','12:36:21','2019-06-09 13:26:46',0,0.1,0.04),(1413,'192.168.159.134','668992','99','12:36:32','2019-06-09 13:26:56',0,0.1,0.04),(1414,'192.168.159.134','668992','99','12:36:39','2019-06-09 13:27:03',0,0.1,0.04),(1415,'192.168.159.134','668992','99','12:36:49','2019-06-09 13:27:14',0,0.1,0.03),(1416,'192.168.159.134','668992','99','12:37:00','2019-06-09 13:27:25',0,0.1,0.03),(1417,'192.168.159.134','668992','99','12:37:10','2019-06-09 13:27:35',0,0.1,0.03),(1418,'192.168.159.134','668992','99','12:37:21','2019-06-09 13:27:46',0,0.09,0.03),(1419,'192.168.159.134','668992','99','12:37:32','2019-06-09 13:27:57',0,0.09,0.03),(1420,'192.168.159.134','668992','99','12:37:38','2019-06-09 13:28:03',0,0.09,0.03),(1421,'192.168.159.134','668992','99','12:37:49','2019-06-09 13:28:14',0,0.09,0.03),(1422,'192.168.159.134','668992','99','12:38:00','2019-06-09 13:28:24',0,0.09,0.03),(1423,'192.168.159.134','668992','99','12:38:10','2019-06-09 13:28:35',0,0.09,0.03),(1424,'192.168.159.134','668992','99','12:38:21','2019-06-09 13:28:46',0,0.09,0.03),(1425,'192.168.159.134','668992','99','12:38:32','2019-06-09 13:28:56',0,0.09,0.02),(1426,'192.168.159.134','668992','99','12:38:39','2019-06-09 13:29:03',0,0.09,0.02),(1427,'192.168.159.134','668992','99','12:38:49','2019-06-09 13:29:14',0,0.09,0.02),(1428,'192.168.159.134','668992','99','12:39:00','2019-06-09 13:29:25',0,0.08,0.02),(1429,'192.168.159.134','668992','99','12:39:12','2019-06-09 13:29:36',0,0.08,0.02),(1430,'192.168.159.134','666868','99','12:39:23','2019-06-09 13:29:47',0.08,0.09,0.04),(1431,'192.168.159.134','666868','82','12:39:34','2019-06-09 13:29:58',0.22,0.1,0.07),(1432,'192.168.159.134','666868','55','12:39:45','2019-06-09 13:30:09',0.34,0.11,0.1),(1433,'192.168.159.134','666868','36','12:39:56','2019-06-09 13:30:20',0.44,0.12,0.13),(1434,'192.168.159.134','666868','18','12:40:06','2019-06-09 13:30:31',0.57,0.13,0.17),(1435,'192.168.159.134','666868','9','12:40:12','2019-06-09 13:30:36',0.68,0.14,0.2),(1436,'192.168.159.134','666868','0','12:40:23','2019-06-09 13:30:48',0.73,0.15,0.23),(1437,'192.168.159.134','666868','0','12:40:34','2019-06-09 13:30:59',0.77,0.16,0.25),(1438,'192.168.159.134','666884','0','12:40:45','2019-06-09 13:31:09',0.81,0.17,0.28),(1439,'192.168.159.134','666884','0','12:40:55','2019-06-09 13:31:20',0.84,0.18,0.3),(1440,'192.168.159.134','666884','0','12:41:06','2019-06-09 13:31:31',0.86,0.19,0.32),(1441,'192.168.159.134','666884','0','12:41:12','2019-06-09 13:31:36',0.88,0.19,0.35),(1442,'192.168.159.134','666884','0','12:41:22','2019-06-09 13:31:47',0.9,0.2,0.37),(1443,'192.168.159.134','666884','0','12:41:33','2019-06-09 13:31:58',0.92,0.21,0.39),(1444,'192.168.159.134','666884','0','12:41:43','2019-06-09 13:32:08',0.93,0.22,0.41),(1445,'192.168.159.134','666884','0','12:41:54','2019-06-09 13:32:19',0.94,0.23,0.43),(1446,'192.168.159.134','666884','0','12:42:05','2019-06-09 13:32:30',0.95,0.24,0.45),(1447,'192.168.159.134','666884','0','12:42:12','2019-06-09 13:32:36',0.96,0.25,0.46),(1448,'192.168.159.134','666884','0','12:42:22','2019-06-09 13:32:47',0.96,0.25,0.48),(1449,'192.168.159.134','666692','0','12:42:33','2019-06-09 13:32:58',0.97,0.26,0.5),(1450,'192.168.159.134','666884','0','12:42:43','2019-06-09 13:33:08',0.97,0.27,0.52),(1451,'192.168.159.134','666884','0','12:42:54','2019-06-09 13:33:19',0.98,0.28,0.53),(1452,'192.168.159.134','666884','0','12:43:05','2019-06-09 13:33:30',0.98,0.28,0.55),(1453,'192.168.159.134','666884','0','12:43:12','2019-06-09 13:33:37',0.98,0.29,0.56),(1454,'192.168.159.134','666884','0','12:43:23','2019-06-09 13:33:47',1.07,0.31,0.59),(1455,'192.168.159.134','666884','0','12:43:33','2019-06-09 13:33:58',1.13,0.32,0.62),(1456,'192.168.159.134','666884','0','12:43:44','2019-06-09 13:34:09',1.11,0.33,0.64),(1457,'192.168.159.134','666884','0','12:43:55','2019-06-09 13:34:19',1.09,0.33,0.65),(1458,'192.168.159.134','666884','0','12:44:05','2019-06-09 13:34:30',1.08,0.34,0.66),(1459,'192.168.159.134','666884','0','12:44:12','2019-06-09 13:34:36',1.07,0.35,0.67),(1460,'192.168.159.134','666884','0','12:44:23','2019-06-09 13:34:47',1.06,0.35,0.68),(1461,'192.168.159.134','666884','0','12:44:33','2019-06-09 13:34:58',1.05,0.36,0.69),(1462,'192.168.159.134','666884','0','12:44:44','2019-06-09 13:35:09',1.19,0.38,0.73),(1463,'192.168.159.134','666884','0','12:44:55','2019-06-09 13:35:20',1.16,0.38,0.74),(1464,'192.168.159.134','666884','0','12:45:05','2019-06-09 13:35:30',1.13,0.39,0.75),(1465,'192.168.159.134','666884','0','12:45:12','2019-06-09 13:35:36',1.11,0.4,0.76),(1466,'192.168.159.134','666884','0','12:45:22','2019-06-09 13:35:47',1.1,0.4,0.77),(1467,'192.168.159.134','666884','0','12:45:33','2019-06-09 13:35:58',1.08,0.41,0.78),(1468,'192.168.159.134','666884','0','12:45:44','2019-06-09 13:36:08',1.07,0.42,0.78),(1469,'192.168.159.134','666884','0','12:45:55','2019-06-09 13:36:20',1.06,0.42,0.79),(1470,'192.168.159.134','666884','0','12:46:06','2019-06-09 13:36:30',1.05,0.43,0.8),(1471,'192.168.159.134','666884','0','12:46:12','2019-06-09 13:36:36',1.12,0.44,0.82),(1472,'192.168.159.134','666884','0','12:46:22','2019-06-09 13:36:47',1.18,0.45,0.84),(1473,'192.168.159.134','666884','0','12:46:33','2019-06-09 13:36:58',1.23,0.46,0.86),(1474,'192.168.159.134','666884','0','12:46:44','2019-06-09 13:37:08',1.35,0.48,0.9),(1475,'192.168.159.134','666884','0','12:46:54','2019-06-09 13:37:19',1.45,0.5,0.94),(1476,'192.168.159.134','666884','0','12:47:05','2019-06-09 13:37:30',1.53,0.51,0.97),(1477,'192.168.159.134','666884','0','12:47:12','2019-06-09 13:37:36',1.6,0.53,1.01),(1478,'192.168.159.134','666884','0','12:47:23','2019-06-09 13:37:47',1.67,0.54,1.04),(1479,'192.168.159.134','666884','0','12:47:33','2019-06-09 13:37:58',1.64,0.55,1.05),(1480,'192.168.159.134','666884','0','12:47:44','2019-06-09 13:38:09',1.62,0.56,1.07),(1481,'192.168.159.134','666884','0','12:47:55','2019-06-09 13:38:19',1.52,0.57,1.07),(1482,'192.168.159.134','666884','0','12:48:05','2019-06-09 13:38:30',1.44,0.57,1.07),(1483,'192.168.159.134','666884','0','12:48:12','2019-06-09 13:38:36',1.37,0.58,1.06),(1484,'192.168.159.134','666884','0','12:48:22','2019-06-09 13:38:47',1.4,0.59,1.08),(1485,'192.168.159.134','666884','0','12:48:33','2019-06-09 13:38:58',1.34,0.59,1.08),(1486,'192.168.159.134','666884','0','12:48:44','2019-06-09 13:39:08',1.36,0.6,1.09),(1487,'192.168.159.134','665340','0','12:48:54','2019-06-09 13:39:19',1.38,0.61,1.1),(1488,'192.168.159.134','666380','0','12:49:05','2019-06-09 13:39:30',1.48,0.63,1.13),(1489,'192.168.159.134','666380','0','12:49:12','2019-06-09 13:39:37',1.56,0.64,1.16),(1490,'192.168.159.134','666380','0','12:49:23','2019-06-09 13:39:47',1.55,0.65,1.17),(1491,'192.168.159.134','666380','0','12:49:33','2019-06-09 13:39:58',1.46,0.65,1.17),(1492,'192.168.159.134','666380','0','12:49:44','2019-06-09 13:40:09',1.39,0.66,1.16),(1493,'192.168.159.134','666380','0','12:49:54','2019-06-09 13:40:19',1.33,0.66,1.16),(1494,'192.168.159.134','666380','0','12:50:05','2019-06-09 13:40:30',1.35,0.67,1.17),(1495,'192.168.159.134','666380','0','12:50:12','2019-06-09 13:40:36',1.3,0.68,1.16),(1496,'192.168.159.134','666380','0','12:50:22','2019-06-09 13:40:47',1.25,0.68,1.16),(1497,'192.168.159.134','666380','0','12:50:33','2019-06-09 13:40:58',1.21,0.68,1.15),(1498,'192.168.159.134','664704','0','12:50:44','2019-06-09 13:41:08',1.26,0.69,1.16),(1499,'192.168.159.134','663960','0','12:50:54','2019-06-09 13:41:19',1.45,0.71,1.21),(1500,'192.168.159.134','663928','0','12:51:05','2019-06-09 13:41:30',1.53,0.72,1.23),(1501,'192.168.159.134','663308','0','12:51:12','2019-06-09 13:41:36',1.68,0.74,1.27),(1502,'192.168.159.134','663700','0','12:51:22','2019-06-09 13:41:47',1.96,0.77,1.35),(1503,'192.168.159.134','666244','0','12:51:33','2019-06-09 13:41:58',1.96,0.79,1.37),(1504,'192.168.159.134','666244','0','12:51:43','2019-06-09 13:42:08',1.81,0.79,1.36),(1505,'192.168.159.134','666244','0','12:51:54','2019-06-09 13:42:19',1.69,0.79,1.35),(1506,'192.168.159.134','666244','0','12:52:05','2019-06-09 13:42:30',1.58,0.79,1.33),(1507,'192.168.159.134','666244','0','12:52:12','2019-06-09 13:42:36',1.49,0.79,1.32),(1508,'192.168.159.134','666244','0','12:52:22','2019-06-09 13:42:47',1.42,0.8,1.31),(1509,'192.168.159.134','666244','0','12:52:33','2019-06-09 13:42:58',1.35,0.8,1.3),(1510,'192.168.159.134','666244','0','12:52:44','2019-06-09 13:43:08',1.3,0.8,1.29),(1511,'192.168.159.134','666244','0','12:52:54','2019-06-09 13:43:19',1.25,0.8,1.28),(1512,'192.168.159.134','666244','0','12:53:05','2019-06-09 13:43:30',1.21,0.8,1.27),(1513,'192.168.159.134','666244','0','12:53:12','2019-06-09 13:43:36',1.18,0.81,1.26),(1514,'192.168.159.134','666228','0','12:53:22','2019-06-09 13:43:47',1.23,0.81,1.27),(1515,'192.168.159.134','666228','0','12:53:33','2019-06-09 13:43:58',1.19,0.81,1.26),(1516,'192.168.159.134','666228','0','12:53:44','2019-06-09 13:44:09',1.16,0.82,1.25),(1517,'192.168.159.134','666228','0','12:53:54','2019-06-09 13:44:19',1.14,0.82,1.25),(1518,'192.168.159.134','666228','0','12:54:05','2019-06-09 13:44:30',1.12,0.82,1.24),(1519,'192.168.159.134','666228','0','12:54:12','2019-06-09 13:44:36',1.1,0.82,1.23),(1520,'192.168.159.134','666228','0','12:54:22','2019-06-09 13:44:47',1.08,0.82,1.22),(1521,'192.168.159.134','666228','0','12:54:33','2019-06-09 13:44:58',1.07,0.83,1.22),(1522,'192.168.159.134','666228','0','12:54:44','2019-06-09 13:45:08',1.06,0.83,1.21),(1523,'192.168.159.134','666228','0','12:54:54','2019-06-09 13:45:19',1.05,0.83,1.2),(1524,'192.168.159.134','666228','0','12:55:05','2019-06-09 13:45:30',1.04,0.83,1.19),(1525,'192.168.159.134','666228','0','12:55:12','2019-06-09 13:45:36',1.04,0.83,1.19),(1526,'192.168.159.134','666228','0','12:55:23','2019-06-09 13:45:47',1.03,0.84,1.18),(1527,'192.168.159.134','666228','0','12:55:33','2019-06-09 13:45:58',1.03,0.84,1.18),(1528,'192.168.159.134','666228','0','12:55:44','2019-06-09 13:46:09',1.02,0.84,1.17),(1529,'192.168.159.134','666228','0','12:55:55','2019-06-09 13:46:19',1.02,0.84,1.16),(1530,'192.168.159.134','666228','0','12:56:05','2019-06-09 13:46:30',1.02,0.84,1.16),(1531,'192.168.159.134','666228','0','12:56:12','2019-06-09 13:46:36',1.01,0.85,1.15),(1532,'192.168.159.134','666228','0','12:56:22','2019-06-09 13:46:47',1.01,0.85,1.15),(1533,'192.168.159.134','666228','0','12:56:33','2019-06-09 13:46:58',1.01,0.85,1.14),(1534,'192.168.159.134','666228','0','12:56:44','2019-06-09 13:47:08',1.01,0.85,1.14),(1535,'192.168.159.134','666228','0','12:56:54','2019-06-09 13:47:19',1.01,0.85,1.13),(1536,'192.168.159.134','666228','0','12:57:05','2019-06-09 13:47:30',1.01,0.86,1.13),(1537,'192.168.159.134','666228','0','12:57:12','2019-06-09 13:47:36',1,0.86,1.13),(1538,'192.168.159.134','666228','0','12:57:22','2019-06-09 13:47:47',1,0.86,1.12),(1539,'192.168.159.134','666228','0','12:57:33','2019-06-09 13:47:58',1.08,0.87,1.14),(1540,'192.168.159.134','666228','0','12:57:44','2019-06-09 13:48:09',1.15,0.87,1.15),(1541,'192.168.159.134','666228','0','12:57:55','2019-06-09 13:48:19',1.13,0.87,1.14),(1542,'192.168.159.134','666228','0','12:58:05','2019-06-09 13:48:30',1.11,0.87,1.14),(1543,'192.168.159.134','666228','0','12:58:12','2019-06-09 13:48:37',1.09,0.88,1.13),(1544,'192.168.159.134','666244','0','12:58:22','2019-06-09 13:48:47',1.08,0.88,1.13),(1545,'192.168.159.134','666244','0','12:58:33','2019-06-09 13:48:58',1.06,0.88,1.12),(1546,'192.168.159.134','666244','0','12:58:44','2019-06-09 13:49:09',1.05,0.88,1.12),(1547,'192.168.159.134','666244','0','12:58:55','2019-06-09 13:49:19',1.05,0.88,1.12),(1548,'192.168.159.134','666244','0','12:59:05','2019-06-09 13:49:30',1.04,0.88,1.11),(1549,'192.168.159.134','666244','0','12:59:12','2019-06-09 13:49:36',1.03,0.88,1.11),(1550,'192.168.159.134','666244','0','12:59:22','2019-06-09 13:49:47',1.03,0.88,1.1),(1551,'192.168.159.134','666244','0','12:59:33','2019-06-09 13:49:58',1.02,0.88,1.1),(1552,'192.168.159.134','666244','0','12:59:44','2019-06-09 13:50:08',1.02,0.88,1.1),(1553,'192.168.159.134','666244','0','12:59:54','2019-06-09 13:50:19',1.02,0.89,1.1),(1554,'192.168.159.134','666244','0','13:00:05','2019-06-09 13:50:30',1.01,0.89,1.09),(1555,'192.168.159.134','666244','0','13:00:12','2019-06-09 13:50:37',1.01,0.89,1.09),(1556,'192.168.159.134','666220','0','13:01:41','2019-06-09 14:37:57',1.57,0.99,1.32),(1557,'192.168.159.134','666220','0','13:01:53','2019-06-09 14:38:09',1.51,1,1.32),(1558,'192.168.159.134','666220','0','13:02:05','2019-06-09 14:38:20',1.43,1,1.31),(1559,'192.168.159.134','666220','0','13:02:12','2019-06-09 14:38:28',1.37,1,1.3),(1560,'192.168.159.134','666220','0','13:02:24','2019-06-09 14:38:39',1.31,1,1.29),(1561,'192.168.159.134','666220','0','13:02:35','2019-06-09 14:38:51',1.26,1,1.28),(1562,'192.168.159.134','666204','0','13:02:46','2019-06-09 14:39:02',1.22,1,1.27),(1563,'192.168.159.134','666204','0','13:02:59','2019-06-09 14:39:14',1.17,1,1.26),(1564,'192.168.159.134','666204','0','13:03:10','2019-06-09 14:39:26',1.15,1,1.25),(1565,'192.168.159.134','666204','0','13:03:12','2019-06-09 14:39:28',1.13,1,1.25),(1566,'192.168.159.134','666468','0','13:14:14','2019-06-09 14:50:30',1.02,1.02,1.05),(1567,'192.168.159.134','666452','0','13:14:25','2019-06-09 14:50:41',1.02,1.02,1.05),(1568,'192.168.159.134','666452','0','13:14:37','2019-06-09 14:50:53',1.01,1.02,1.05),(1569,'192.168.159.134','666452','0','13:14:48','2019-06-09 14:51:04',1.01,1.02,1.04),(1570,'192.168.159.134','666452','0','13:14:59','2019-06-09 14:51:15',1.01,1.02,1.04),(1571,'192.168.159.134','666452','0','13:15:10','2019-06-09 14:51:26',1.01,1.02,1.04),(1572,'192.168.159.134','666452','0','13:15:14','2019-06-09 14:51:30',1.01,1.02,1.04),(1573,'192.168.159.134','666452','0','13:15:25','2019-06-09 14:51:42',1.01,1.02,1.04),(1574,'192.168.159.134','666452','0','13:15:32','2019-06-09 14:51:49',1.08,1.03,1.06),(1575,'192.168.159.134','666452','0','13:15:44','2019-06-09 14:52:00',1.07,1.03,1.05),(1576,'192.168.159.134','666452','0','13:15:55','2019-06-09 14:52:11',1.06,1.03,1.05),(1577,'192.168.159.134','666452','0','13:16:06','2019-06-09 14:52:22',1.05,1.03,1.05),(1578,'192.168.159.134','666452','0','13:16:17','2019-06-09 14:52:33',1.04,1.03,1.05),(1579,'192.168.159.134','666452','0','13:16:28','2019-06-09 14:52:44',1.03,1.03,1.05),(1580,'192.168.159.134','666452','0','13:16:32','2019-06-09 14:52:49',1.03,1.03,1.04),(1581,'192.168.159.134','666452','0','13:16:45','2019-06-09 14:53:01',1.02,1.03,1.04),(1582,'192.168.159.134','666452','0','13:16:56','2019-06-09 14:53:12',1.1,1.03,1.06),(1583,'192.168.159.134','666452','0','13:17:07','2019-06-09 14:53:24',1.08,1.03,1.06),(1584,'192.168.159.134','666452','0','13:17:20','2019-06-09 14:53:36',1.07,1.03,1.05),(1585,'192.168.159.134','669120','4','13:17:31','2019-06-09 14:53:47',1.06,1.03,1.05),(1586,'192.168.159.134','669120','23','13:17:42','2019-06-09 14:53:59',0.82,1.02,1),(1587,'192.168.159.134','669120','41','13:17:53','2019-06-09 14:54:10',0.7,1.01,0.97),(1588,'192.168.159.134','669120','59','13:18:04','2019-06-09 14:54:21',0.59,1,0.94),(1589,'192.168.159.134','669120','68','13:18:08','2019-06-09 14:54:24',0.54,0.99,0.92),(1590,'192.168.159.134','669120','86','13:18:19','2019-06-09 14:54:35',0.46,0.98,0.89),(1591,'192.168.159.134','669120','99','13:18:30','2019-06-09 14:54:46',0.39,0.97,0.86),(1592,'192.168.159.134','669120','99','13:18:41','2019-06-09 14:54:57',0.33,0.96,0.83),(1593,'192.168.159.134','669120','99','13:18:52','2019-06-09 14:55:08',0.34,0.95,0.81),(1594,'192.168.159.134','669120','99','13:19:03','2019-06-09 14:55:19',0.28,0.94,0.78),(1595,'192.168.159.134','669120','99','13:19:07','2019-06-09 14:55:24',0.26,0.93,0.77),(1596,'192.168.159.134','669136','99','13:19:19','2019-06-09 14:55:35',0.22,0.92,0.74),(1597,'192.168.159.134','669136','99','13:19:30','2019-06-09 14:55:46',0.19,0.91,0.72),(1598,'192.168.159.134','669136','99','13:19:41','2019-06-09 14:55:57',0.16,0.91,0.7),(1599,'192.168.159.134','669136','99','13:19:52','2019-06-09 14:56:08',0.12,0.89,0.66),(1600,'192.168.159.134','669136','99','13:20:03','2019-06-09 14:56:19',0.1,0.88,0.64),(1601,'192.168.159.134','669136','99','13:20:08','2019-06-09 14:56:24',0.1,0.88,0.63),(1602,'192.168.159.134','669136','99','13:20:21','2019-06-09 14:56:37',0.08,0.87,0.61),(1603,'192.168.159.134','669136','99','13:20:32','2019-06-09 14:56:49',0.06,0.85,0.58),(1604,'192.168.159.134','669136','99','13:20:39','2019-06-09 14:56:55',0.06,0.85,0.57),(1605,'192.168.159.134','669136','99','13:20:50','2019-06-09 14:57:06',0.05,0.84,0.55),(1606,'192.168.159.134','669136','99','13:21:01','2019-06-09 14:57:17',0.04,0.83,0.53),(1607,'192.168.159.134','669136','99','13:21:12','2019-06-09 14:57:28',0.03,0.82,0.51),(1608,'192.168.159.134','669136','99','13:21:23','2019-06-09 14:57:39',0.03,0.81,0.49),(1609,'192.168.159.134','669136','99','13:21:36','2019-06-09 14:57:52',0.02,0.8,0.47),(1610,'192.168.159.134','669136','99','13:21:47','2019-06-09 14:58:04',0.02,0.79,0.45),(1611,'192.168.159.134','669136','99','13:21:59','2019-06-09 14:58:15',0.02,0.78,0.44),(1612,'192.168.159.134','669136','99','13:22:10','2019-06-09 14:58:26',0.01,0.77,0.42),(1613,'192.168.159.134','669136','99','13:22:21','2019-06-09 14:58:37',0.01,0.76,0.41),(1614,'192.168.159.134','669136','99','13:22:32','2019-06-09 14:58:48',0.08,0.75,0.4),(1615,'192.168.159.134','669136','99','13:22:36','2019-06-09 14:58:52',0.08,0.75,0.4),(1616,'192.168.159.134','669136','99','13:22:47','2019-06-09 14:59:04',0.06,0.74,0.38),(1617,'192.168.159.134','669136','99','13:22:59','2019-06-09 14:59:15',0.05,0.74,0.37),(1618,'192.168.159.134','669136','99','13:23:10','2019-06-09 14:59:26',0.05,0.73,0.36),(1619,'192.168.159.134','667136','92','13:23:22','2019-06-09 14:59:38',0.04,0.72,0.35),(1620,'192.168.159.134','667136','74','13:23:33','2019-06-09 14:59:49',0.18,0.72,0.36),(1621,'192.168.159.134','667136','65','13:23:36','2019-06-09 14:59:52',0.18,0.72,0.36),(1622,'192.168.159.134','667136','47','13:23:48','2019-06-09 15:00:04',0.36,0.72,0.39),(1623,'192.168.159.134','667136','29','13:23:59','2019-06-09 15:00:15',0.46,0.73,0.41),(1624,'192.168.159.134','667136','10','13:24:10','2019-06-09 15:00:26',0.54,0.73,0.43),(1625,'192.168.159.134','667136','0','13:24:21','2019-06-09 15:00:38',0.62,0.73,0.45),(1626,'192.168.159.134','667136','0','13:24:32','2019-06-09 15:00:49',0.7,0.74,0.48),(1627,'192.168.159.134','666468','0','13:32:15','2019-06-09 15:08:32',1.45,0.95,1.13),(1628,'192.168.159.134','666468','0','13:32:27','2019-06-09 15:08:43',1.57,0.97,1.17),(1629,'192.168.159.134','666468','0','13:32:39','2019-06-09 15:08:55',1.72,0.98,1.22),(1630,'192.168.159.134','666468','0','13:32:50','2019-06-09 15:09:06',1.76,0.99,1.24),(1631,'192.168.159.134','666468','0','13:33:02','2019-06-09 15:09:18',1.64,0.99,1.24),(1632,'192.168.159.134','666468','0','13:33:13','2019-06-09 15:09:29',1.5,0.99,1.22),(1633,'192.168.159.134','666468','0','13:33:15','2019-06-09 15:09:32',1.5,0.99,1.22),(1634,'192.168.159.134','666468','0','13:33:33','2019-06-09 15:09:49',1.42,1,1.22),(1635,'192.168.159.134','666468','0','13:33:50','2019-06-09 15:10:06',1.33,1,1.21),(1636,'192.168.159.134','666468','0','13:34:06','2019-06-09 15:10:22',1.26,1,1.2),(1637,'192.168.159.134','666468','0','13:34:15','2019-06-09 15:10:31',1.22,1,1.2),(1638,'192.168.159.134','666468','0','13:34:32','2019-06-09 15:10:48',1.17,1,1.19),(1639,'192.168.159.134','666468','0','13:34:49','2019-06-09 15:11:05',1.12,1,1.18),(1640,'192.168.159.134','666468','0','13:35:06','2019-06-09 15:11:22',1.09,1,1.17),(1641,'192.168.159.134','666468','0','13:35:15','2019-06-09 15:11:31',1.08,1,1.16),(1642,'192.168.159.134','666468','0','13:35:32','2019-06-09 15:11:48',1.06,1,1.15),(1643,'192.168.159.134','666468','0','13:35:48','2019-06-09 15:12:04',1.11,1,1.16),(1644,'192.168.159.134','666468','0','13:36:05','2019-06-09 15:12:21',1.23,1.02,1.18),(1645,'192.168.159.134','666468','0','13:36:15','2019-06-09 15:12:31',1.28,1.02,1.19),(1646,'192.168.159.134','666468','0','13:36:32','2019-06-09 15:12:48',1.29,1.03,1.2),(1647,'192.168.159.134','666468','0','13:36:49','2019-06-09 15:13:05',1.21,1.03,1.19),(1648,'192.168.159.134','666484','0','13:37:05','2019-06-09 15:13:21',1.31,1.04,1.21),(1649,'192.168.159.134','666484','0','13:37:19','2019-06-09 15:13:35',1.53,1.06,1.27),(1650,'192.168.159.134','666484','0','13:37:35','2019-06-09 15:13:51',1.64,1.07,1.3),(1651,'192.168.159.134','666484','0','13:37:51','2019-06-09 15:14:08',1.64,1.08,1.32),(1652,'192.168.159.134','666484','0','13:38:08','2019-06-09 15:14:24',1.46,1.08,1.3),(1653,'192.168.159.134','665428','0','13:38:19','2019-06-09 15:14:35',1.39,1.08,1.29),(1654,'192.168.159.134','666484','0','13:38:35','2019-06-09 15:14:51',1.3,1.08,1.27),(1655,'192.168.159.134','666484','0','13:38:51','2019-06-09 15:15:07',1.23,1.08,1.26),(1656,'192.168.159.134','666484','0','13:39:07','2019-06-09 15:15:23',1.24,1.08,1.26),(1657,'192.168.159.134','666484','0','13:39:19','2019-06-09 15:15:35',1.2,1.08,1.25),(1658,'192.168.159.134','666484','0','13:39:35','2019-06-09 15:15:51',1.15,1.08,1.24),(1659,'192.168.159.134','666484','0','13:39:50','2019-06-09 15:16:06',1.12,1.07,1.23),(1660,'192.168.159.134','666468','0','13:40:06','2019-06-09 15:16:22',1.16,1.08,1.23),(1661,'192.168.159.134','666468','0','13:40:19','2019-06-09 15:16:35',1.13,1.08,1.22),(1662,'192.168.159.134','666468','0','13:40:35','2019-06-09 15:16:51',1.1,1.08,1.21),(1663,'192.168.159.134','666468','0','13:40:51','2019-06-09 15:17:07',1.08,1.07,1.2),(1664,'192.168.159.134','666468','0','13:41:07','2019-06-09 15:17:24',1.05,1.07,1.19),(1665,'192.168.159.134','666468','0','13:41:19','2019-06-09 15:17:35',1.05,1.07,1.18),(1666,'192.168.159.134','666468','0','13:41:41','2019-06-09 15:17:57',1.03,1.07,1.17),(1667,'192.168.159.134','666468','0','13:41:58','2019-06-09 15:18:14',1.02,1.07,1.16),(1668,'192.168.159.134','666468','0','13:42:16','2019-06-09 15:18:32',1.09,1.07,1.17),(1669,'192.168.159.134','666468','0','13:42:19','2019-06-09 15:18:35',1.16,1.08,1.18),(1670,'192.168.159.134','666468','0','13:42:36','2019-06-09 15:18:52',1.12,1.07,1.17),(1671,'192.168.159.134','666468','0','13:42:52','2019-06-09 15:19:08',1.15,1.08,1.18),(1672,'192.168.159.134','666468','0','13:43:07','2019-06-09 15:19:23',1.12,1.08,1.17),(1673,'192.168.159.134','666468','0','13:43:19','2019-06-09 15:19:35',1.18,1.08,1.18),(1674,'192.168.159.134','666468','0','13:43:35','2019-06-09 15:19:51',1.14,1.08,1.17),(1675,'192.168.159.134','666468','0','13:43:50','2019-06-09 15:20:06',1.11,1.08,1.16),(1676,'192.168.159.134','666468','0','13:44:07','2019-06-09 15:20:23',1.09,1.08,1.15),(1677,'192.168.159.134','666468','0','13:44:19','2019-06-09 15:20:35',1.07,1.08,1.15),(1678,'192.168.159.134','666468','0','13:44:35','2019-06-09 15:20:51',1.12,1.08,1.16),(1679,'192.168.159.134','666468','0','13:44:51','2019-06-09 15:21:08',1.09,1.08,1.15),(1680,'192.168.159.134','666484','0','13:45:08','2019-06-09 15:21:24',1.07,1.08,1.14),(1681,'192.168.159.134','666484','0','13:45:19','2019-06-09 15:21:35',1.06,1.07,1.13),(1682,'192.168.159.134','666484','0','13:45:35','2019-06-09 15:21:51',1.04,1.07,1.13),(1683,'192.168.159.134','666484','0','13:45:51','2019-06-09 15:22:07',1.03,1.07,1.12),(1684,'192.168.159.134','666468','0','13:46:08','2019-06-09 15:22:24',1.09,1.08,1.13),(1685,'192.168.159.134','666468','0','13:46:19','2019-06-09 15:22:35',1.15,1.08,1.14),(1686,'192.168.159.134','666468','0','13:46:36','2019-06-09 15:22:52',1.19,1.08,1.15),(1687,'192.168.159.134','666468','0','13:46:53','2019-06-09 15:23:09',1.14,1.08,1.14),(1688,'192.168.159.134','666468','0','13:47:10','2019-06-09 15:23:27',1.11,1.08,1.13),(1689,'192.168.159.134','666468','0','13:47:19','2019-06-09 15:23:35',1.09,1.08,1.13),(1690,'192.168.159.134','666468','0','13:47:35','2019-06-09 15:23:51',1.07,1.08,1.12),(1691,'192.168.159.134','666468','0','13:47:50','2019-06-09 15:24:06',1.05,1.08,1.12),(1692,'192.168.159.134','666468','0','13:48:05','2019-06-09 15:24:21',1.04,1.07,1.11),(1693,'192.168.159.134','666468','0','13:48:19','2019-06-09 15:24:35',1.03,1.07,1.11),(1694,'192.168.159.134','666468','0','13:48:33','2019-06-09 15:24:49',1.03,1.07,1.1),(1695,'192.168.159.134','666468','0','13:48:46','2019-06-09 15:25:02',1.02,1.07,1.1),(1696,'192.168.159.134','666468','0','13:49:01','2019-06-09 15:25:17',1.02,1.07,1.09),(1697,'192.168.159.134','666468','0','13:49:16','2019-06-09 15:25:32',1.01,1.07,1.09),(1698,'192.168.159.134','666468','0','13:49:19','2019-06-09 15:25:35',1.01,1.07,1.09),(1699,'192.168.159.134','666468','0','13:49:35','2019-06-09 15:25:51',1.08,1.07,1.1),(1700,'192.168.159.134','666468','0','13:49:46','2019-06-09 15:26:02',1.07,1.07,1.1),(1701,'192.168.159.134','666468','0','13:50:01','2019-06-09 15:26:17',1.05,1.07,1.09),(1702,'192.168.159.134','666468','0','13:50:16','2019-06-09 15:26:32',1.11,1.07,1.1),(1703,'192.168.159.134','666468','0','13:50:31','2019-06-09 15:26:48',1.3,1.09,1.15),(1704,'192.168.159.134','666468','0','13:50:46','2019-06-09 15:27:02',1.23,1.09,1.14),(1705,'192.168.159.134','666484','0','13:51:03','2019-06-09 15:27:19',1.25,1.09,1.15),(1706,'192.168.159.134','666484','0','13:51:20','2019-06-09 15:27:36',1.19,1.09,1.14),(1707,'192.168.159.134','666484','0','13:51:35','2019-06-09 15:27:51',1.23,1.09,1.15),(1708,'192.168.159.134','666484','0','13:51:46','2019-06-09 15:28:02',1.27,1.1,1.16),(1709,'192.168.159.134','666484','0','13:52:02','2019-06-09 15:28:18',1.21,1.09,1.15),(1710,'192.168.159.134','666484','0','13:52:17','2019-06-09 15:28:33',1.21,1.1,1.16),(1711,'192.168.159.134','665428','0','13:52:33','2019-06-09 15:28:49',1.16,1.1,1.15),(1712,'192.168.159.134','666468','0','13:52:46','2019-06-09 15:29:02',1.14,1.1,1.15),(1713,'192.168.159.134','666468','0','13:53:02','2019-06-09 15:29:19',1.1,1.09,1.14),(1714,'192.168.159.134','666468','0','13:53:19','2019-06-09 15:29:35',1.08,1.09,1.13),(1715,'192.168.159.134','666468','0','13:53:36','2019-06-09 15:29:53',1.06,1.09,1.12),(1716,'192.168.159.134','666468','0','13:53:52','2019-06-09 15:30:09',1.04,1.09,1.12),(1717,'192.168.159.134','666468','0','13:54:09','2019-06-09 15:30:25',1.11,1.09,1.13),(1718,'192.168.159.134','666452','0','13:54:25','2019-06-09 15:30:42',1.08,1.09,1.12),(1719,'192.168.159.134','666452','0','13:54:37','2019-06-09 15:30:53',1.07,1.09,1.12),(1720,'192.168.159.134','666452','0','13:54:52','2019-06-09 15:31:08',1.12,1.09,1.13),(1721,'192.168.159.134','666452','0','13:55:08','2019-06-09 15:31:24',1.09,1.09,1.12),(1722,'192.168.159.134','666452','0','13:55:23','2019-06-09 15:31:40',1.07,1.09,1.11),(1723,'192.168.159.134','666452','0','13:55:37','2019-06-09 15:31:53',1.06,1.09,1.11),(1724,'192.168.159.134','666452','0','13:55:53','2019-06-09 15:32:09',1.11,1.09,1.12),(1725,'192.168.159.134','666452','0','13:56:09','2019-06-09 15:32:25',1.09,1.09,1.11),(1726,'192.168.159.134','666452','0','13:56:22','2019-06-09 15:32:38',1.07,1.09,1.11),(1727,'192.168.159.134','666452','0','13:56:38','2019-06-09 15:32:54',1.05,1.09,1.1),(1728,'192.168.159.134','666452','0','13:56:54','2019-06-09 15:33:10',1.19,1.1,1.13),(1729,'192.168.159.134','666452','0','13:57:09','2019-06-09 15:33:26',1.23,1.1,1.14),(1730,'192.168.159.134','666452','0','13:57:22','2019-06-09 15:33:38',1.28,1.11,1.15),(1731,'192.168.159.134','666468','0','13:57:37','2019-06-09 15:33:53',1.34,1.12,1.17),(1732,'192.168.159.134','666468','0','13:57:52','2019-06-09 15:34:08',1.29,1.11,1.17),(1733,'192.168.159.134','666468','0','13:58:07','2019-06-09 15:34:23',1.22,1.11,1.16),(1734,'192.168.159.134','666468','0','13:58:22','2019-06-09 15:34:38',1.17,1.11,1.15),(1735,'192.168.159.134','666468','0','13:58:37','2019-06-09 15:34:53',1.14,1.11,1.15),(1736,'192.168.159.134','666468','0','13:58:53','2019-06-09 15:35:09',1.1,1.11,1.14),(1737,'192.168.159.134','666468','0','13:59:08','2019-06-09 15:35:24',1.08,1.11,1.13),(1738,'192.168.159.134','666468','0','13:59:22','2019-06-09 15:35:38',1.06,1.11,1.12),(1739,'192.168.159.134','666484','0','13:59:36','2019-06-09 15:35:52',1.05,1.1,1.12),(1740,'192.168.159.134','666484','0','13:59:51','2019-06-09 15:36:08',1.04,1.1,1.11),(1741,'192.168.159.134','666484','0','14:00:07','2019-06-09 15:36:24',1.03,1.1,1.11),(1742,'192.168.159.134','666484','0','14:00:22','2019-06-09 15:36:38',1.02,1.1,1.1),(1743,'192.168.159.134','666484','0','14:00:39','2019-06-09 15:36:55',1.17,1.11,1.13),(1744,'192.168.159.134','666484','0','14:00:58','2019-06-09 15:37:14',1.26,1.12,1.15),(1745,'192.168.159.134','666484','0','14:01:13','2019-06-09 15:37:29',1.2,1.12,1.15),(1746,'192.168.159.134','666484','0','14:01:22','2019-06-09 15:37:38',1.18,1.12,1.14),(1747,'192.168.159.134','666484','0','14:01:37','2019-06-09 15:37:54',1.13,1.11,1.13),(1748,'192.168.159.134','666484','0','14:01:54','2019-06-09 15:38:10',1.1,1.11,1.13),(1749,'192.168.159.134','666484','0','14:02:10','2019-06-09 15:38:27',1.08,1.11,1.12),(1750,'192.168.159.134','666484','0','14:02:22','2019-06-09 15:38:38',1.07,1.11,1.12),(1751,'192.168.159.134','666484','0','14:02:38','2019-06-09 15:38:54',1.05,1.11,1.11),(1752,'192.168.159.134','666484','0','14:02:53','2019-06-09 15:39:10',1.04,1.11,1.1),(1753,'192.168.159.134','666484','0','14:03:05','2019-06-09 15:39:21',1.03,1.1,1.1),(1754,'192.168.159.134','666484','0','14:03:16','2019-06-09 15:39:32',1.03,1.1,1.1),(1755,'192.168.159.134','666484','0','14:03:22','2019-06-09 15:39:38',1.03,1.1,1.1),(1756,'192.168.159.134','666484','0','14:03:33','2019-06-09 15:39:49',1.02,1.1,1.09),(1757,'192.168.159.134','666484','0','14:03:44','2019-06-09 15:40:00',1.02,1.1,1.09),(1758,'192.168.159.134','665428','0','14:03:53','2019-06-09 15:40:09',1.16,1.11,1.12),(1759,'192.168.159.134','666484','0','14:04:05','2019-06-09 15:40:21',1.14,1.11,1.11),(1760,'192.168.159.134','666484','0','14:04:17','2019-06-09 15:40:33',1.12,1.11,1.11),(1761,'192.168.159.134','666484','0','14:04:29','2019-06-09 15:40:45',1.16,1.11,1.12),(1762,'192.168.159.134','666484','0','14:04:40','2019-06-09 15:40:57',1.13,1.11,1.12),(1763,'192.168.159.134','666484','0','14:04:53','2019-06-09 15:41:10',1.1,1.11,1.11),(1764,'192.168.159.134','666484','0','14:05:05','2019-06-09 15:41:21',1.09,1.11,1.11),(1765,'192.168.159.134','666484','0','14:05:16','2019-06-09 15:41:32',1.07,1.11,1.1),(1766,'192.168.159.134','666468','0','14:05:28','2019-06-09 15:41:44',1.06,1.11,1.1),(1767,'192.168.159.134','666468','0','14:05:39','2019-06-09 15:41:55',1.05,1.11,1.1),(1768,'192.168.159.134','666468','0','14:05:51','2019-06-09 15:42:07',1.04,1.1,1.09),(1769,'192.168.159.134','666468','0','14:05:53','2019-06-09 15:42:10',1.04,1.1,1.09),(1770,'192.168.159.134','666468','0','14:06:05','2019-06-09 15:42:21',1.03,1.1,1.09),(1771,'192.168.159.134','666468','0','14:06:16','2019-06-09 15:42:32',1.03,1.1,1.09),(1772,'192.168.159.134','666468','0','14:06:28','2019-06-09 15:42:44',1.02,1.1,1.08),(1773,'192.168.159.134','666468','0','14:06:39','2019-06-09 15:42:55',1.02,1.1,1.08),(1774,'192.168.159.134','666468','0','14:06:51','2019-06-09 15:43:07',1.02,1.1,1.08),(1775,'192.168.159.134','666468','0','14:06:53','2019-06-09 15:43:10',1.01,1.1,1.07),(1776,'192.168.159.134','666468','0','14:07:05','2019-06-09 15:43:21',1.01,1.1,1.07),(1777,'192.168.159.134','666468','0','14:07:16','2019-06-09 15:43:32',1.01,1.1,1.07),(1778,'192.168.159.134','666468','0','14:07:28','2019-06-09 15:43:44',1.01,1.1,1.07),(1779,'192.168.159.134','666468','0','14:07:39','2019-06-09 15:43:56',1.01,1.09,1.06),(1780,'192.168.159.134','666468','0','14:07:51','2019-06-09 15:44:07',1.01,1.09,1.06),(1781,'192.168.159.134','666468','0','14:07:53','2019-06-09 15:44:10',1.01,1.09,1.06),(1782,'192.168.159.134','666404','0','14:08:05','2019-06-09 15:44:21',1,1.09,1.06),(1783,'192.168.159.134','666468','0','14:08:17','2019-06-09 15:44:33',1,1.09,1.06),(1784,'192.168.159.134','666468','0','14:08:28','2019-06-09 15:44:44',1,1.09,1.05),(1785,'192.168.159.134','666468','0','14:08:40','2019-06-09 15:44:56',1.22,1.1,1.1),(1786,'192.168.159.134','666468','0','14:08:51','2019-06-09 15:45:07',1.27,1.11,1.12),(1787,'192.168.159.134','666468','0','14:08:53','2019-06-09 15:45:09',1.25,1.11,1.11),(1788,'192.168.159.134','666468','0','14:09:04','2019-06-09 15:45:21',1.21,1.11,1.11),(1789,'192.168.159.134','666468','0','14:09:16','2019-06-09 15:45:32',1.18,1.11,1.11),(1790,'192.168.159.134','666468','0','14:09:27','2019-06-09 15:45:43',1.23,1.11,1.12),(1791,'192.168.159.134','666468','0','14:09:38','2019-06-09 15:45:54',1.18,1.11,1.11),(1792,'192.168.159.134','666468','0','14:09:50','2019-06-09 15:46:06',1.15,1.11,1.11),(1793,'192.168.159.134','666468','0','14:09:53','2019-06-09 15:46:09',1.14,1.11,1.11),(1794,'192.168.159.134','666468','0','14:10:04','2019-06-09 15:46:21',1.12,1.11,1.1),(1795,'192.168.159.134','666468','0','14:10:16','2019-06-09 15:46:32',1.1,1.11,1.1),(1796,'192.168.159.134','666484','0','14:10:27','2019-06-09 15:46:43',1.08,1.1,1.1),(1797,'192.168.159.134','666484','0','14:10:38','2019-06-09 15:46:54',1.14,1.11,1.11),(1798,'192.168.159.134','666484','0','14:10:50','2019-06-09 15:47:06',1.12,1.11,1.1),(1799,'192.168.159.134','666484','0','14:10:53','2019-06-09 15:47:10',1.11,1.11,1.1),(1800,'192.168.159.134','666484','0','14:11:05','2019-06-09 15:47:21',1.17,1.11,1.12),(1801,'192.168.159.134','666484','0','14:11:16','2019-06-09 15:47:32',1.14,1.11,1.11),(1802,'192.168.159.134','666484','0','14:11:28','2019-06-09 15:47:44',1.18,1.11,1.12),(1803,'192.168.159.134','666484','0','14:11:39','2019-06-09 15:47:55',1.15,1.11,1.12),(1804,'192.168.159.134','666484','0','14:11:51','2019-06-09 15:48:07',1.13,1.11,1.11),(1805,'192.168.159.134','666484','0','14:11:53','2019-06-09 15:48:09',1.12,1.11,1.11),(1806,'192.168.159.134','666484','0','14:12:05','2019-06-09 15:48:21',1.1,1.11,1.11),(1807,'192.168.159.134','666484','0','14:12:16','2019-06-09 15:48:32',1.08,1.11,1.1),(1808,'192.168.159.134','666484','0','14:12:28','2019-06-09 15:48:44',1.06,1.11,1.1),(1809,'192.168.159.134','666484','0','14:12:39','2019-06-09 15:48:56',1.05,1.11,1.1),(1810,'192.168.159.134','666484','0','14:12:53','2019-06-09 15:49:09',1.04,1.11,1.09),(1811,'192.168.159.134','666484','0','14:13:05','2019-06-09 15:49:21',1.04,1.11,1.09),(1812,'192.168.159.134','666484','0','14:13:16','2019-06-09 15:49:32',1.03,1.1,1.09),(1813,'192.168.159.134','666484','0','14:13:27','2019-06-09 15:49:43',1.03,1.1,1.08),(1814,'192.168.159.134','666484','0','14:13:38','2019-06-09 15:49:54',1.02,1.1,1.08),(1815,'192.168.159.134','666484','0','14:13:51','2019-06-09 15:50:07',1.02,1.1,1.08),(1816,'192.168.159.134','666484','0','14:13:53','2019-06-09 15:50:09',1.02,1.1,1.07),(1817,'192.168.159.134','666484','0','14:14:04','2019-06-09 15:50:20',1.01,1.1,1.07),(1818,'192.168.159.134','666484','0','14:14:14','2019-06-09 15:50:30',1.01,1.1,1.07),(1819,'192.168.159.134','666484','0','14:14:25','2019-06-09 15:50:41',1.01,1.1,1.07),(1820,'192.168.159.134','666484','0','14:14:37','2019-06-09 15:50:53',1.01,1.1,1.07),(1821,'192.168.159.134','666484','0','14:14:49','2019-06-09 15:51:05',1.01,1.1,1.06),(1822,'192.168.159.134','666484','0','14:15:00','2019-06-09 15:51:17',1.01,1.09,1.06),(1823,'192.168.159.134','669152','8','14:15:12','2019-06-09 15:51:28',0.92,1.09,1.04),(1824,'192.168.159.134','669152','19','14:15:14','2019-06-09 15:51:30',0.85,1.08,1.03),(1825,'192.168.159.134','669152','39','14:15:26','2019-06-09 15:51:42',0.72,1.07,0.99),(1826,'192.168.159.134','669152','57','14:15:37','2019-06-09 15:51:53',0.61,1.06,0.96),(1827,'192.168.159.134','669152','74','14:15:48','2019-06-09 15:52:04',0.47,1.04,0.91),(1828,'192.168.159.134','667152','90','14:16:00','2019-06-09 15:52:16',0.48,1.04,0.9),(1829,'192.168.159.134','667152','72','14:16:11','2019-06-09 15:52:27',0.56,1.04,0.9),(1830,'192.168.159.134','667152','63','14:16:14','2019-06-09 15:52:30',0.6,1.04,0.9),(1831,'192.168.159.134','666500','45','14:16:25','2019-06-09 15:52:42',0.66,1.04,0.91),(1832,'192.168.159.134','666516','27','14:16:37','2019-06-09 15:52:53',0.71,1.04,0.91),(1833,'192.168.159.134','666516','9','14:16:48','2019-06-09 15:53:04',0.77,1.04,0.91),(1834,'192.168.159.134','666516','0','14:16:59','2019-06-09 15:53:15',0.89,1.04,0.93),(1835,'192.168.159.134','666516','0','14:17:10','2019-06-09 15:53:27',0.91,1.04,0.93),(1836,'192.168.159.134','666516','0','14:17:14','2019-06-09 15:53:30',0.91,1.04,0.94),(1837,'192.168.159.134','666516','0','14:17:25','2019-06-09 15:53:42',0.93,1.04,0.94),(1838,'192.168.159.134','666516','0','14:17:38','2019-06-09 15:53:54',0.94,1.04,0.94),(1839,'192.168.159.134','666500','0','14:19:06','2019-06-09 15:55:22',1.21,1.06,1.03),(1840,'192.168.159.134','666500','0','14:19:17','2019-06-09 15:55:33',1.18,1.06,1.03),(1841,'192.168.159.134','666500','0','14:19:28','2019-06-09 15:55:45',1.14,1.06,1.03),(1842,'192.168.159.134','666500','0','14:19:40','2019-06-09 15:55:56',1.12,1.06,1.03),(1843,'192.168.159.134','666500','0','14:19:51','2019-06-09 15:56:07',1.18,1.06,1.04),(1844,'192.168.159.134','666500','0','14:20:02','2019-06-09 15:56:18',1.15,1.06,1.04),(1845,'192.168.159.134','666500','0','14:20:06','2019-06-09 15:56:22',1.14,1.06,1.04),(1846,'192.168.159.134','666500','0','14:20:22','2019-06-09 15:56:38',1.11,1.06,1.04),(1847,'192.168.159.134','666500','0','14:20:33','2019-06-09 15:56:49',1.09,1.06,1.04),(1848,'192.168.159.134','666500','0','14:20:44','2019-06-09 15:57:01',1.07,1.06,1.04),(1849,'192.168.159.134','666500','0','14:20:56','2019-06-09 15:57:12',1.06,1.06,1.03),(1850,'192.168.159.134','666500','0','14:21:07','2019-06-09 15:57:23',1.13,1.06,1.05),(1851,'192.168.159.134','666500','0','14:21:19','2019-06-09 15:57:35',1.32,1.08,1.1),(1852,'192.168.159.134','666500','0','14:21:25','2019-06-09 15:57:41',1.29,1.08,1.09),(1853,'192.168.159.134','666500','0','14:21:36','2019-06-09 15:57:53',1.25,1.07,1.09),(1854,'192.168.159.134','666500','0','14:21:48','2019-06-09 15:58:04',1.19,1.07,1.09),(1855,'192.168.159.134','666500','0','14:21:59','2019-06-09 15:58:15',1.16,1.07,1.08),(1856,'192.168.159.134','666500','0','14:22:10','2019-06-09 15:58:26',1.14,1.07,1.08),(1857,'192.168.159.134','666500','0','14:22:23','2019-06-09 15:58:39',1.18,1.08,1.09),(1858,'192.168.159.134','666500','0','14:22:27','2019-06-09 15:58:43',1.18,1.08,1.09),(1859,'192.168.159.134','666500','0','14:22:39','2019-06-09 15:58:55',1.3,1.08,1.12),(1860,'192.168.159.134','666500','0','14:22:50','2019-06-09 15:59:06',1.4,1.09,1.15),(1861,'192.168.159.134','666516','0','14:23:01','2019-06-09 15:59:17',1.34,1.09,1.15),(1862,'192.168.159.134','666516','0','14:23:13','2019-06-09 15:59:29',1.27,1.09,1.14),(1863,'192.168.159.134','666516','0','14:23:29','2019-06-09 15:59:45',1.29,1.1,1.15),(1864,'192.168.159.134','666500','0','14:49:24','2019-06-09 16:25:40',1.04,1.12,1.09),(1865,'192.168.159.134','666532','0','14:55:33','2019-06-09 16:31:49',1.12,1.13,1.14),(1866,'192.168.159.134','666436','0','15:34:49','2019-06-09 21:24:40',1.03,1.09,1.04),(1867,'192.168.159.134','666436','0','15:35:01','2019-06-09 21:24:52',1.03,1.09,1.04),(1868,'192.168.159.134','666436','0','15:35:12','2019-06-09 21:25:03',1.1,1.09,1.06),(1869,'192.168.159.134','666436','0','15:35:23','2019-06-09 21:25:14',1.08,1.09,1.06),(1870,'192.168.159.134','666436','0','15:35:34','2019-06-09 21:25:25',1.06,1.09,1.05),(1871,'192.168.159.134','666436','0','15:35:35','2019-06-09 21:25:26',1.06,1.09,1.05),(1872,'192.168.159.134','666436','0','15:35:46','2019-06-09 21:25:37',1.05,1.09,1.05),(1873,'192.168.159.134','666436','0','15:35:57','2019-06-09 21:25:48',1.05,1.09,1.05),(1874,'192.168.159.134','666436','0','15:36:08','2019-06-09 21:25:59',1.04,1.09,1.05),(1875,'192.168.159.134','666436','0','15:36:19','2019-06-09 21:26:10',1.03,1.09,1.04),(1876,'192.168.159.134','666436','0','15:36:30','2019-06-09 21:26:21',1.11,1.09,1.06),(1877,'192.168.159.134','666436','0','15:36:35','2019-06-09 21:26:26',1.1,1.09,1.06),(1878,'192.168.159.134','666436','0','15:36:47','2019-06-09 21:26:38',1.08,1.09,1.06),(1879,'192.168.159.134','666436','0','15:36:58','2019-06-09 21:26:49',1.07,1.09,1.06),(1880,'192.168.159.134','666436','0','15:37:09','2019-06-09 21:27:00',1.05,1.09,1.05),(1881,'192.168.159.134','666436','0','15:37:20','2019-06-09 21:27:10',1.05,1.09,1.05),(1882,'192.168.159.134','666436','0','15:37:31','2019-06-09 21:27:21',1.04,1.09,1.05),(1883,'192.168.159.134','666436','0','15:37:41','2019-06-09 21:27:32',1.03,1.09,1.05),(1884,'192.168.159.134','666436','0','15:42:10','2019-06-09 21:32:01',1.13,1.1,1.09),(1885,'192.168.159.134','666436','0','15:42:21','2019-06-09 21:32:12',1.11,1.1,1.09),(1886,'192.168.159.134','666436','0','15:42:32','2019-06-09 21:32:23',1.09,1.09,1.09),(1887,'192.168.159.134','666436','0','15:42:43','2019-06-09 21:32:33',1.08,1.09,1.09),(1888,'192.168.159.134','666436','0','15:42:54','2019-06-09 21:32:44',1.06,1.09,1.08),(1889,'192.168.159.134','666436','0','15:43:05','2019-06-09 21:32:55',1.05,1.09,1.08),(1890,'192.168.159.134','666436','0','15:43:10','2019-06-09 21:33:01',1.05,1.09,1.08),(1891,'192.168.159.134','666436','0','15:43:21','2019-06-09 21:33:12',1.04,1.09,1.07),(1892,'192.168.159.134','666436','0','15:43:32','2019-06-09 21:33:23',1.03,1.09,1.07),(1893,'192.168.159.134','666452','0','15:43:43','2019-06-09 21:33:34',1.03,1.09,1.07),(1894,'192.168.159.134','666452','0','15:43:54','2019-06-09 21:33:45',1.02,1.09,1.07),(1895,'192.168.159.134','666452','0','15:44:05','2019-06-09 21:33:56',1.02,1.09,1.06),(1896,'192.168.159.134','666452','0','15:44:10','2019-06-09 21:34:01',1.02,1.08,1.06),(1897,'192.168.159.134','666452','0','15:44:21','2019-06-09 21:34:12',1.01,1.08,1.06),(1898,'192.168.159.134','666400','0','15:49:47','2019-06-09 21:39:38',1,1.07,1.04),(1899,'192.168.159.134','666400','0','15:49:58','2019-06-09 21:39:49',1.08,1.07,1.06),(1900,'192.168.159.134','666400','0','15:50:10','2019-06-09 21:40:01',1.06,1.07,1.05),(1901,'192.168.159.134','666400','0','15:50:21','2019-06-09 21:40:12',1.05,1.07,1.05),(1902,'192.168.159.134','666400','0','15:50:32','2019-06-09 21:40:23',1.12,1.07,1.07),(1903,'192.168.159.134','666400','0','15:50:43','2019-06-09 21:40:34',1.1,1.07,1.07),(1904,'192.168.159.134','666400','0','15:50:47','2019-06-09 21:40:38',1.09,1.07,1.06),(1905,'192.168.159.134','666400','0','15:50:58','2019-06-09 21:40:48',1.08,1.07,1.06),(1906,'192.168.159.134','666400','0','15:51:09','2019-06-09 21:40:59',1.06,1.07,1.06),(1907,'192.168.159.134','666400','0','15:51:20','2019-06-09 21:41:10',1.05,1.07,1.06),(1908,'192.168.159.134','666400','0','15:51:30','2019-06-09 21:41:21',1.04,1.07,1.06),(1909,'192.168.159.134','666208','0','15:51:41','2019-06-09 21:41:32',1.04,1.07,1.05),(1910,'192.168.159.134','666400','0','15:51:47','2019-06-09 21:41:37',1.03,1.07,1.05),(1911,'192.168.159.134','666400','0','15:51:58','2019-06-09 21:41:48',1.11,1.07,1.07),(1912,'192.168.159.134','666400','0','15:52:09','2019-06-09 21:41:59',1.09,1.07,1.07),(1913,'192.168.159.134','666400','0','15:52:19','2019-06-09 21:42:10',1.14,1.07,1.08),(1914,'192.168.159.134','666400','0','15:52:30','2019-06-09 21:42:21',1.12,1.07,1.08),(1915,'192.168.159.134','666400','0','15:52:41','2019-06-09 21:42:32',1.1,1.07,1.07),(1916,'192.168.159.134','666400','0','15:52:47','2019-06-09 21:42:38',1.09,1.07,1.07),(1917,'192.168.159.134','666400','0','15:52:58','2019-06-09 21:42:48',1.15,1.08,1.09),(1918,'192.168.159.134','666400','0','15:53:09','2019-06-09 21:42:59',1.12,1.08,1.08),(1919,'192.168.159.134','666400','0','15:53:20','2019-06-09 21:43:10',1.1,1.07,1.08),(1920,'192.168.159.134','666400','0','15:53:30','2019-06-09 21:43:21',1.08,1.07,1.08),(1921,'192.168.159.134','666400','0','15:53:41','2019-06-09 21:43:32',1.07,1.07,1.07),(1922,'192.168.159.134','666416','0','15:53:47','2019-06-09 21:43:37',1.06,1.07,1.07),(1923,'192.168.159.134','666416','0','15:53:58','2019-06-09 21:43:48',1.05,1.07,1.07),(1924,'192.168.159.134','666416','0','15:54:09','2019-06-09 21:43:59',1.04,1.07,1.07),(1925,'192.168.159.134','666416','0','15:54:20','2019-06-09 21:44:10',1.04,1.07,1.06),(1926,'192.168.159.134','666416','0','15:54:30','2019-06-09 21:44:21',1.03,1.07,1.06),(1927,'192.168.159.134','666416','0','15:54:41','2019-06-09 21:44:32',1.03,1.07,1.06),(1928,'192.168.159.134','666416','0','15:54:47','2019-06-09 21:44:38',1.02,1.07,1.06),(1929,'192.168.159.134','666416','0','15:54:58','2019-06-09 21:44:48',1.02,1.06,1.06),(1930,'192.168.159.134','666416','0','15:55:09','2019-06-09 21:44:59',1.02,1.06,1.05),(1931,'192.168.159.134','666416','0','15:55:20','2019-06-09 21:45:10',1.01,1.06,1.05),(1932,'192.168.159.134','666416','0','15:55:31','2019-06-09 21:45:21',1.01,1.06,1.05),(1933,'192.168.159.134','666416','0','15:55:41','2019-06-09 21:45:32',1.01,1.06,1.05),(1934,'192.168.159.134','666416','0','15:55:47','2019-06-09 21:45:38',1.01,1.06,1.05),(1935,'192.168.159.134','666416','0','15:55:58','2019-06-09 21:45:48',1.01,1.06,1.05),(1936,'192.168.159.134','666416','0','15:56:09','2019-06-09 21:45:59',1.08,1.06,1.06),(1937,'192.168.159.134','666416','0','15:56:20','2019-06-09 21:46:10',1.07,1.06,1.06),(1938,'192.168.159.134','666416','0','15:56:31','2019-06-09 21:46:21',1.06,1.06,1.06),(1939,'192.168.159.134','666416','0','15:56:41','2019-06-09 21:46:32',1.05,1.06,1.05),(1940,'192.168.159.134','666416','0','15:56:47','2019-06-09 21:46:37',1.04,1.06,1.05),(1941,'192.168.159.134','666416','0','15:56:58','2019-06-09 21:46:48',1.04,1.06,1.05),(1942,'192.168.159.134','666416','0','15:57:09','2019-06-09 21:46:59',1.03,1.06,1.05),(1943,'192.168.159.134','666416','0','15:57:19','2019-06-09 21:47:10',1.02,1.06,1.05),(1944,'192.168.159.134','666416','0','15:57:30','2019-06-09 21:47:21',1.02,1.06,1.04),(1945,'192.168.159.134','666416','0','15:57:41','2019-06-09 21:47:32',1.18,1.06,1.08),(1946,'192.168.159.134','666416','0','15:57:47','2019-06-09 21:47:38',1.16,1.06,1.07),(1947,'192.168.159.134','666416','0','15:57:58','2019-06-09 21:47:48',1.14,1.06,1.07),(1948,'192.168.159.134','666416','0','15:58:09','2019-06-09 21:47:59',1.11,1.06,1.07),(1949,'192.168.159.134','666416','0','15:58:20','2019-06-09 21:48:10',1.09,1.06,1.07),(1950,'192.168.159.134','666416','0','15:58:30','2019-06-09 21:48:21',1.08,1.06,1.07),(1951,'192.168.159.134','666416','0','15:58:41','2019-06-09 21:48:32',1.06,1.06,1.06),(1952,'192.168.159.134','666416','0','15:58:47','2019-06-09 21:48:38',1.06,1.06,1.06),(1953,'192.168.159.134','666416','0','15:58:58','2019-06-09 21:48:48',1.05,1.06,1.06),(1954,'192.168.159.134','666416','0','15:59:09','2019-06-09 21:48:59',1.04,1.06,1.06),(1955,'192.168.159.134','666416','0','15:59:20','2019-06-09 21:49:10',1.03,1.06,1.06),(1956,'192.168.159.134','666416','0','15:59:30','2019-06-09 21:49:21',1.03,1.05,1.05),(1957,'192.168.159.134','666416','0','15:59:41','2019-06-09 21:49:32',1.02,1.05,1.05),(1958,'192.168.159.134','666416','0','15:59:47','2019-06-09 21:49:38',1.02,1.05,1.05),(1959,'192.168.159.134','666416','0','15:59:59','2019-06-09 21:49:49',1.02,1.05,1.05),(1960,'192.168.159.134','666416','0','16:00:10','2019-06-09 21:50:00',1.01,1.05,1.05),(1961,'192.168.159.134','666416','0','16:00:21','2019-06-09 21:50:11',1.01,1.05,1.04),(1962,'192.168.159.134','666416','0','16:00:31','2019-06-09 21:50:22',1.01,1.05,1.04),(1963,'192.168.159.134','666416','0','16:00:42','2019-06-09 21:50:33',1.01,1.05,1.04),(1964,'192.168.159.134','666416','0','16:00:47','2019-06-09 21:50:38',1.01,1.05,1.04),(1965,'192.168.159.134','666416','0','16:00:58','2019-06-09 21:50:48',1.01,1.05,1.04),(1966,'192.168.159.134','666416','0','16:01:09','2019-06-09 21:50:59',1.01,1.05,1.04),(1967,'192.168.159.134','666416','0','16:01:20','2019-06-09 21:51:10',1,1.05,1.04),(1968,'192.168.159.134','666416','0','16:01:30','2019-06-09 21:51:21',1,1.05,1.04),(1969,'192.168.159.134','665376','0','16:01:41','2019-06-09 21:51:32',1.15,1.06,1.07),(1970,'192.168.159.134','666416','0','16:01:47','2019-06-09 21:51:37',1.14,1.06,1.07),(1971,'192.168.159.134','666432','0','16:01:58','2019-06-09 21:51:48',1.12,1.05,1.07),(1972,'192.168.159.134','666432','0','16:02:09','2019-06-09 21:51:59',1.09,1.05,1.06),(1973,'192.168.159.134','666432','0','16:02:20','2019-06-09 21:52:10',1.08,1.05,1.06),(1974,'192.168.159.134','666432','0','16:02:31','2019-06-09 21:52:21',1.06,1.05,1.06),(1975,'192.168.159.134','666432','0','16:02:41','2019-06-09 21:52:32',1.13,1.06,1.07),(1976,'192.168.159.134','666432','0','16:02:47','2019-06-09 21:52:38',1.12,1.05,1.07),(1977,'192.168.159.134','666432','0','16:02:58','2019-06-09 21:52:48',1.1,1.05,1.07),(1978,'192.168.159.134','666432','0','16:03:09','2019-06-09 21:52:59',1.08,1.05,1.07),(1979,'192.168.159.134','666416','0','16:03:20','2019-06-09 21:53:10',1.07,1.05,1.07),(1980,'192.168.159.134','666416','0','16:03:31','2019-06-09 21:53:21',1.06,1.05,1.06),(1981,'192.168.159.134','666416','0','16:03:42','2019-06-09 21:53:32',1.05,1.05,1.06),(1982,'192.168.159.134','666416','0','16:03:47','2019-06-09 21:53:37',1.04,1.05,1.06),(1983,'192.168.159.134','666416','0','16:03:58','2019-06-09 21:53:48',1.04,1.05,1.06),(1984,'192.168.159.134','666416','0','16:04:09','2019-06-09 21:53:59',1.03,1.05,1.06),(1985,'192.168.159.134','666416','0','16:04:20','2019-06-09 21:54:10',1.16,1.06,1.09),(1986,'192.168.159.134','666416','0','16:04:31','2019-06-09 21:54:21',1.14,1.06,1.08),(1987,'192.168.159.134','666416','0','16:04:42','2019-06-09 21:54:32',1.11,1.05,1.08),(1988,'192.168.159.134','666416','0','16:04:47','2019-06-09 21:54:38',1.11,1.05,1.08),(1989,'192.168.159.134','666416','0','16:04:58','2019-06-09 21:54:48',1.09,1.05,1.08),(1990,'192.168.159.134','666416','0','16:05:09','2019-06-09 21:54:59',1.07,1.05,1.07),(1991,'192.168.159.134','666416','0','16:05:20','2019-06-09 21:55:11',1.06,1.05,1.07),(1992,'192.168.159.134','666416','0','16:05:31','2019-06-09 21:55:22',1.05,1.05,1.07),(1993,'192.168.159.134','666416','0','16:05:42','2019-06-09 21:55:32',1.04,1.05,1.07),(1994,'192.168.159.134','666416','0','16:05:47','2019-06-09 21:55:37',1.04,1.05,1.06),(1995,'192.168.159.134','666416','0','16:05:58','2019-06-09 21:55:48',1.11,1.05,1.08),(1996,'192.168.159.134','666416','0','16:06:09','2019-06-09 21:55:59',1.1,1.05,1.08),(1997,'192.168.159.134','666416','0','16:06:20','2019-06-09 21:56:10',1.07,1.05,1.07),(1998,'192.168.159.134','666416','0','16:06:30','2019-06-09 21:56:21',1.06,1.05,1.07),(1999,'192.168.159.134','666416','0','16:06:41','2019-06-09 21:56:32',1.13,1.05,1.08),(2000,'192.168.159.134','666416','0','16:06:47','2019-06-09 21:56:38',1.12,1.05,1.08),(2001,'192.168.159.134','666416','0','16:06:58','2019-06-09 21:56:49',1.1,1.05,1.08),(2002,'192.168.159.134','666416','0','16:07:09','2019-06-09 21:56:59',1.08,1.05,1.08),(2003,'192.168.159.134','666416','0','16:07:20','2019-06-09 21:57:10',1.07,1.05,1.07),(2004,'192.168.159.134','666416','0','16:07:31','2019-06-09 21:57:21',1.06,1.05,1.07),(2005,'192.168.159.134','666416','0','16:07:42','2019-06-09 21:57:32',1.05,1.05,1.07),(2006,'192.168.159.134','666416','0','16:07:47','2019-06-09 21:57:38',1.05,1.05,1.07),(2007,'192.168.159.134','666416','0','16:07:58','2019-06-09 21:57:48',1.04,1.05,1.07),(2008,'192.168.159.134','666416','0','16:08:09','2019-06-09 21:57:59',1.03,1.05,1.06),(2009,'192.168.159.134','666432','0','16:08:20','2019-06-09 21:58:10',1.03,1.05,1.06),(2010,'192.168.159.134','666432','0','16:08:31','2019-06-09 21:58:22',1.02,1.05,1.06),(2011,'192.168.159.134','666432','0','16:08:42','2019-06-09 21:58:32',1.02,1.05,1.06),(2012,'192.168.159.134','666432','0','16:08:47','2019-06-09 21:58:38',1.02,1.05,1.06),(2013,'192.168.159.134','666432','0','16:08:59','2019-06-09 21:58:49',1.16,1.06,1.09),(2014,'192.168.159.134','666432','0','16:09:10','2019-06-09 21:59:00',1.27,1.06,1.12),(2015,'192.168.159.134','666432','0','16:09:21','2019-06-09 21:59:11',1.3,1.07,1.13),(2016,'192.168.159.134','666432','0','16:09:32','2019-06-09 21:59:22',1.26,1.07,1.12),(2017,'192.168.159.134','666432','0','16:09:44','2019-06-09 21:59:34',1.22,1.07,1.12),(2018,'192.168.159.134','666432','0','16:09:48','2019-06-09 21:59:38',1.36,1.08,1.15),(2019,'192.168.159.134','666432','0','16:09:59','2019-06-09 21:59:50',1.28,1.08,1.14),(2020,'192.168.159.134','666432','0','16:10:10','2019-06-09 22:00:00',1.31,1.08,1.16),(2021,'192.168.159.134','666432','0','16:10:21','2019-06-09 22:00:11',1.26,1.08,1.15),(2022,'192.168.159.134','666432','0','16:10:32','2019-06-09 22:00:22',1.22,1.08,1.15),(2023,'192.168.159.134','666432','0','16:10:43','2019-06-09 22:00:33',1.19,1.08,1.14),(2024,'192.168.159.134','666432','0','16:10:47','2019-06-09 22:00:38',1.17,1.08,1.14),(2025,'192.168.159.134','666432','0','16:10:58','2019-06-09 22:00:48',1.15,1.08,1.13),(2026,'192.168.159.134','666432','0','16:11:09','2019-06-09 22:00:59',1.11,1.07,1.13),(2027,'192.168.159.134','666432','0','16:11:20','2019-06-09 22:01:10',1.1,1.07,1.12),(2028,'192.168.159.134','666432','0','16:11:31','2019-06-09 22:01:21',1.16,1.08,1.14),(2029,'192.168.159.134','666432','0','16:11:42','2019-06-09 22:01:32',1.13,1.08,1.13),(2030,'192.168.159.134','666432','0','16:11:47','2019-06-09 22:01:38',1.12,1.08,1.13),(2031,'192.168.159.134','666432','0','16:11:58','2019-06-09 22:01:48',1.1,1.08,1.13),(2032,'192.168.159.134','666432','0','16:12:09','2019-06-09 22:01:59',1.08,1.07,1.12),(2033,'192.168.159.134','666432','0','16:12:20','2019-06-09 22:02:10',1.15,1.08,1.13),(2034,'192.168.159.134','666432','0','16:12:31','2019-06-09 22:02:21',1.13,1.08,1.13),(2035,'192.168.159.134','666432','0','16:12:42','2019-06-09 22:02:32',1.11,1.08,1.12),(2036,'192.168.159.134','666432','0','16:12:47','2019-06-09 22:02:38',1.1,1.08,1.12),(2037,'192.168.159.134','666432','0','16:12:58','2019-06-09 22:02:48',1.08,1.08,1.12),(2038,'192.168.159.134','666432','0','16:13:09','2019-06-09 22:02:59',1.06,1.07,1.11),(2039,'192.168.159.134','666416','0','16:13:20','2019-06-09 22:03:10',1.05,1.07,1.11),(2040,'192.168.159.134','666416','0','16:13:31','2019-06-09 22:03:21',1.05,1.07,1.1),(2041,'192.168.159.134','666416','0','16:13:42','2019-06-09 22:03:32',1.04,1.07,1.1),(2042,'192.168.159.134','666416','0','16:13:47','2019-06-09 22:03:38',1.04,1.07,1.1),(2043,'192.168.159.134','666416','0','16:13:58','2019-06-09 22:03:49',1.03,1.07,1.1),(2044,'192.168.159.134','665372','0','16:14:09','2019-06-09 22:03:59',1.02,1.07,1.09),(2045,'192.168.159.134','666304','0','16:14:20','2019-06-09 22:04:10',1.02,1.07,1.09),(2046,'192.168.159.134','666304','0','16:14:31','2019-06-09 22:04:21',1.02,1.07,1.09),(2047,'192.168.159.134','666304','0','16:14:42','2019-06-09 22:04:32',1.01,1.06,1.08),(2048,'192.168.159.134','666304','0','16:14:47','2019-06-09 22:04:38',1.01,1.06,1.08),(2049,'192.168.159.134','666304','0','16:15:00','2019-06-09 22:04:50',1.01,1.06,1.08),(2050,'192.168.159.134','666304','0','16:15:11','2019-06-09 22:05:01',1.01,1.06,1.07),(2051,'192.168.159.134','666304','0','16:15:21','2019-06-09 22:05:12',1.09,1.07,1.09),(2052,'192.168.159.134','666304','0','16:15:32','2019-06-09 22:05:23',1.15,1.07,1.1),(2053,'192.168.159.134','666304','0','16:15:43','2019-06-09 22:05:33',1.13,1.07,1.1),(2054,'192.168.159.134','666304','0','16:15:47','2019-06-09 22:05:38',1.12,1.07,1.1),(2055,'192.168.159.134','666304','0','16:15:58','2019-06-09 22:05:48',1.1,1.07,1.1),(2056,'192.168.159.134','666304','0','16:16:09','2019-06-09 22:05:59',1.08,1.07,1.09),(2057,'192.168.159.134','666304','0','16:16:20','2019-06-09 22:06:10',1.07,1.07,1.09),(2058,'192.168.159.134','666304','0','16:16:31','2019-06-09 22:06:21',1.06,1.06,1.08),(2059,'192.168.159.134','666304','0','16:16:42','2019-06-09 22:06:32',1.05,1.06,1.08),(2060,'192.168.159.134','666304','0','16:16:48','2019-06-09 22:06:38',1.04,1.06,1.08),(2061,'192.168.159.134','666304','0','16:16:58','2019-06-09 22:06:49',1.04,1.06,1.08),(2062,'192.168.159.134','666304','0','16:17:09','2019-06-09 22:06:59',1.03,1.06,1.07),(2063,'192.168.159.134','666304','0','16:17:20','2019-06-09 22:07:10',1.02,1.06,1.07),(2064,'192.168.159.134','666304','0','16:17:31','2019-06-09 22:07:21',1.02,1.06,1.07),(2065,'192.168.159.134','666304','0','16:17:42','2019-06-09 22:07:32',1.02,1.06,1.07),(2066,'192.168.159.134','666304','0','16:17:47','2019-06-09 22:07:38',1.02,1.06,1.07),(2067,'192.168.159.134','666304','0','16:17:58','2019-06-09 22:07:49',1.01,1.06,1.06),(2068,'192.168.159.134','666304','0','16:18:09','2019-06-09 22:08:00',1.01,1.06,1.06),(2069,'192.168.159.134','666320','0','16:18:20','2019-06-09 22:08:10',1.01,1.05,1.06),(2070,'192.168.159.134','666320','0','16:18:31','2019-06-09 22:08:21',1.01,1.05,1.06),(2071,'192.168.159.134','666320','0','16:18:42','2019-06-09 22:08:32',1.01,1.05,1.06),(2072,'192.168.159.134','666320','0','16:18:47','2019-06-09 22:08:38',1.01,1.05,1.05),(2073,'192.168.159.134','666320','0','16:18:58','2019-06-09 22:08:48',1.01,1.05,1.05),(2074,'192.168.159.134','666320','0','16:19:09','2019-06-09 22:08:59',1,1.05,1.05),(2075,'192.168.159.134','666320','0','16:19:20','2019-06-09 22:09:10',1,1.05,1.05),(2076,'192.168.159.134','666320','0','16:19:31','2019-06-09 22:09:21',1,1.05,1.05),(2077,'192.168.159.134','666320','0','16:19:43','2019-06-09 22:09:33',1,1.05,1.04),(2078,'192.168.159.134','666320','0','16:19:48','2019-06-09 22:09:38',1,1.05,1.04),(2079,'192.168.159.134','666320','0','16:19:59','2019-06-09 22:09:49',1,1.05,1.04),(2080,'192.168.159.134','666320','0','16:20:10','2019-06-09 22:10:00',1,1.05,1.04),(2081,'192.168.159.134','666320','0','16:20:22','2019-06-09 22:10:12',1,1.05,1.04),(2082,'192.168.159.134','666320','0','16:20:33','2019-06-09 22:10:23',1,1.05,1.04),(2083,'192.168.159.134','666320','0','16:20:44','2019-06-09 22:10:34',1,1.05,1.04),(2084,'192.168.159.134','666320','0','16:20:47','2019-06-09 22:10:38',1.08,1.05,1.05),(2085,'192.168.159.134','666320','0','16:20:58','2019-06-09 22:10:48',1.07,1.05,1.05),(2086,'192.168.159.134','666320','0','16:21:09','2019-06-09 22:10:59',1.05,1.05,1.05),(2087,'192.168.159.134','666320','0','16:21:20','2019-06-09 22:11:10',1.05,1.05,1.05),(2088,'192.168.159.134','666320','0','16:21:32','2019-06-09 22:11:22',1.04,1.05,1.05),(2089,'192.168.159.134','666320','0','16:21:43','2019-06-09 22:11:33',1.03,1.05,1.04),(2090,'192.168.159.134','666320','0','16:21:48','2019-06-09 22:11:38',1.03,1.05,1.04),(2091,'192.168.159.134','666320','0','16:21:59','2019-06-09 22:11:49',1.03,1.05,1.04),(2092,'192.168.159.134','666320','0','16:22:09','2019-06-09 22:12:00',1.02,1.05,1.04),(2093,'192.168.159.134','666320','0','16:22:20','2019-06-09 22:12:11',1.02,1.05,1.04),(2094,'192.168.159.134','666320','0','16:22:32','2019-06-09 22:12:22',1.01,1.05,1.04),(2095,'192.168.159.134','666320','0','16:22:43','2019-06-09 22:12:33',1.01,1.05,1.04),(2096,'192.168.159.134','666316','0','16:22:48','2019-06-09 22:12:38',1.01,1.05,1.04),(2097,'192.168.159.134','666320','0','16:22:59','2019-06-09 22:12:50',1.01,1.05,1.04),(2098,'192.168.159.134','666320','0','16:23:10','2019-06-09 22:13:01',1.01,1.05,1.03),(2099,'192.168.159.134','666304','0','16:36:04','2019-06-09 22:25:54',1.02,1.05,1.04),(2100,'192.168.159.134','666304','0','16:36:51','2019-06-09 22:26:41',1.06,1.05,1.05),(2101,'192.168.159.134','666304','0','16:39:32','2019-06-09 22:29:22',1.13,1.06,1.09),(2102,'192.168.159.134','666320','0','16:40:00','2019-06-09 22:29:50',1.08,1.06,1.08),(2103,'192.168.159.134','666320','0','16:40:39','2019-06-09 22:30:29',1.04,1.05,1.07),(2104,'192.168.159.134','666320','0','16:40:50','2019-06-09 22:30:40',1.03,1.05,1.07),(2105,'192.168.159.134','665268','0','16:41:01','2019-06-09 22:30:51',1.03,1.05,1.07),(2106,'192.168.159.134','666308','0','16:41:11','2019-06-09 22:31:01',1.02,1.05,1.07),(2107,'192.168.159.134','666324','0','16:41:22','2019-06-09 22:31:12',1.02,1.05,1.06),(2108,'192.168.159.134','666308','0','16:41:33','2019-06-09 22:31:23',1.33,1.07,1.13),(2109,'192.168.159.134','666308','0','16:41:44','2019-06-09 22:31:34',1.28,1.07,1.12),(2110,'192.168.159.134','666308','0','16:41:55','2019-06-09 22:31:45',1.22,1.07,1.12),(2111,'192.168.159.134','666308','0','16:42:06','2019-06-09 22:31:56',1.18,1.07,1.11),(2112,'192.168.159.134','666308','0','16:42:11','2019-06-09 22:32:01',1.25,1.07,1.13),(2113,'192.168.159.134','666308','0','16:42:22','2019-06-09 22:32:12',1.29,1.08,1.14),(2114,'192.168.159.134','666308','0','16:42:33','2019-06-09 22:32:23',1.25,1.07,1.14),(2115,'192.168.159.134','666308','0','16:42:44','2019-06-09 22:32:34',1.21,1.07,1.13),(2116,'192.168.159.134','666292','0','16:42:54','2019-06-09 22:32:44',1.16,1.07,1.13),(2117,'192.168.159.134','666292','0','16:43:05','2019-06-09 22:32:55',1.14,1.07,1.12),(2118,'192.168.159.134','666292','0','16:43:11','2019-06-09 22:33:01',1.13,1.07,1.12),(2119,'192.168.159.134','666292','0','16:43:22','2019-06-09 22:33:12',1.11,1.07,1.12),(2120,'192.168.159.134','666292','0','16:43:33','2019-06-09 22:33:23',1.09,1.07,1.11),(2121,'192.168.159.134','666292','0','16:43:44','2019-06-09 22:33:34',1.08,1.07,1.11),(2122,'192.168.159.134','666292','0','16:43:55','2019-06-09 22:33:45',1.06,1.07,1.1),(2123,'192.168.159.134','666292','0','16:44:05','2019-06-09 22:33:55',1.05,1.07,1.1),(2124,'192.168.159.134','666292','0','16:44:11','2019-06-09 22:34:01',1.05,1.06,1.1),(2125,'192.168.159.134','666292','0','16:44:22','2019-06-09 22:34:12',1.04,1.06,1.09),(2126,'192.168.159.134','666292','0','16:44:32','2019-06-09 22:34:22',1.11,1.07,1.11),(2127,'192.168.159.134','666292','0','16:44:44','2019-06-09 22:34:34',1.09,1.07,1.1),(2128,'192.168.159.134','666292','0','16:44:55','2019-06-09 22:34:45',1.07,1.07,1.1),(2129,'192.168.159.134','666292','0','16:45:06','2019-06-09 22:34:56',1.06,1.06,1.1),(2130,'192.168.159.134','666292','0','16:45:11','2019-06-09 22:35:01',1.05,1.06,1.09),(2131,'192.168.159.134','666292','0','16:45:22','2019-06-09 22:35:12',1.05,1.06,1.09),(2132,'192.168.159.134','666292','0','16:45:33','2019-06-09 22:35:23',1.04,1.06,1.09),(2133,'192.168.159.134','667588','0','16:45:44','2019-06-09 22:35:34',1.03,1.06,1.09),(2134,'192.168.159.134','667588','0','16:45:54','2019-06-09 22:35:44',1.24,1.08,1.13),(2135,'192.168.159.134','667588','0','16:46:05','2019-06-09 22:35:55',1.2,1.08,1.13),(2136,'192.168.159.134','667588','0','16:46:11','2019-06-09 22:36:01',1.19,1.07,1.12),(2137,'192.168.159.134','667588','0','16:46:22','2019-06-09 22:36:12',1.16,1.07,1.12),(2138,'192.168.159.134','667588','0','16:46:32','2019-06-09 22:36:22',1.13,1.07,1.12),(2139,'192.168.159.134','666968','0','16:46:44','2019-06-09 22:36:34',1.11,1.07,1.11),(2140,'192.168.159.134','666968','0','16:46:55','2019-06-09 22:36:44',1.17,1.08,1.12),(2141,'192.168.159.134','666968','0','16:47:05','2019-06-09 22:36:55',1.14,1.07,1.12),(2142,'192.168.159.134','666968','0','16:47:11','2019-06-09 22:37:01',1.13,1.07,1.12),(2143,'192.168.159.134','666968','0','16:47:22','2019-06-09 22:37:12',1.11,1.07,1.11),(2144,'192.168.159.134','666968','0','16:47:32','2019-06-09 22:37:22',1.09,1.07,1.11),(2145,'192.168.159.134','666968','0','16:47:43','2019-06-09 22:37:33',1.08,1.07,1.11),(2146,'192.168.159.134','666984','0','16:47:54','2019-06-09 22:37:44',1.07,1.07,1.1),(2147,'192.168.159.134','666984','0','16:48:04','2019-06-09 22:37:54',1.06,1.07,1.1),(2148,'192.168.159.134','666984','0','16:48:11','2019-06-09 22:38:01',1.12,1.07,1.11),(2149,'192.168.159.134','666984','0','16:48:22','2019-06-09 22:38:12',1.1,1.07,1.11),(2150,'192.168.159.134','666984','0','16:48:32','2019-06-09 22:38:22',1.09,1.07,1.1),(2151,'192.168.159.134','666984','0','16:48:43','2019-06-09 22:38:33',1.07,1.07,1.1),(2152,'192.168.159.134','666984','0','16:48:54','2019-06-09 22:38:44',1.06,1.07,1.1),(2153,'192.168.159.134','666984','0','16:49:05','2019-06-09 22:38:55',1.05,1.07,1.09),(2154,'192.168.159.134','666984','0','16:49:11','2019-06-09 22:39:01',1.05,1.07,1.09),(2155,'192.168.159.134','666984','0','16:49:22','2019-06-09 22:39:12',1.04,1.07,1.09),(2156,'192.168.159.134','666984','0','16:49:33','2019-06-09 22:39:23',1.03,1.07,1.09),(2157,'192.168.159.134','666984','0','16:49:44','2019-06-09 22:39:34',1.03,1.06,1.08),(2158,'192.168.159.134','666984','0','16:49:55','2019-06-09 22:39:45',1.02,1.06,1.08),(2159,'192.168.159.134','666984','0','16:50:06','2019-06-09 22:39:56',1.02,1.06,1.08),(2160,'192.168.159.134','666984','0','16:50:11','2019-06-09 22:40:01',1.02,1.06,1.07),(2161,'192.168.159.134','666984','0','16:50:22','2019-06-09 22:40:12',1.01,1.06,1.07),(2162,'192.168.159.134','666984','0','16:50:35','2019-06-09 22:40:25',1.08,1.06,1.09),(2163,'192.168.159.134','666984','0','16:50:46','2019-06-09 22:40:36',1.07,1.06,1.08),(2164,'192.168.159.134','666984','0','16:50:57','2019-06-09 22:40:47',1.06,1.06,1.08),(2165,'192.168.159.134','666984','0','16:51:08','2019-06-09 22:40:58',1.05,1.06,1.08),(2166,'192.168.159.134','666984','0','16:51:20','2019-06-09 22:41:10',1.04,1.06,1.07),(2167,'192.168.159.134','666984','0','16:51:31','2019-06-09 22:41:21',1.03,1.06,1.07),(2168,'192.168.159.134','666984','0','16:51:35','2019-06-09 22:41:25',1.03,1.06,1.07),(2169,'192.168.159.134','666984','0','16:51:46','2019-06-09 22:41:36',1.03,1.06,1.07),(2170,'192.168.159.134','666984','0','16:51:57','2019-06-09 22:41:47',1.02,1.06,1.07),(2171,'192.168.159.134','666984','0','16:52:08','2019-06-09 22:41:58',1.02,1.06,1.06),(2172,'192.168.159.134','666984','0','16:52:19','2019-06-09 22:42:09',1.02,1.06,1.06),(2173,'192.168.159.134','666984','0','16:52:30','2019-06-09 22:42:20',1.01,1.05,1.06),(2174,'192.168.159.134','666984','0','16:52:35','2019-06-09 22:42:25',1.01,1.05,1.06),(2175,'192.168.159.134','666984','0','16:52:46','2019-06-09 22:42:36',1.01,1.05,1.06),(2176,'192.168.159.134','666984','0','16:52:57','2019-06-09 22:42:47',1.01,1.05,1.05),(2177,'192.168.159.134','666984','0','16:53:08','2019-06-09 22:42:58',1.01,1.05,1.05),(2178,'192.168.159.134','666984','0','16:53:18','2019-06-09 22:43:08',1.01,1.05,1.05),(2179,'192.168.159.134','666984','0','16:53:29','2019-06-09 22:43:19',1,1.05,1.05),(2180,'192.168.159.134','666984','0','16:53:35','2019-06-09 22:43:25',1,1.05,1.05),(2181,'192.168.159.134','666984','0','16:53:46','2019-06-09 22:43:36',1,1.05,1.04),(2182,'192.168.159.134','666984','0','16:53:57','2019-06-09 22:43:47',1,1.05,1.04),(2183,'192.168.159.134','666984','0','16:54:08','2019-06-09 22:43:58',1.08,1.05,1.06),(2184,'192.168.159.134','666984','0','16:54:19','2019-06-09 22:44:09',1.07,1.05,1.06),(2185,'192.168.159.134','666984','0','16:54:30','2019-06-09 22:44:19',1.05,1.05,1.05),(2186,'192.168.159.134','666984','0','16:54:35','2019-06-09 22:44:25',1.05,1.05,1.05),(2187,'192.168.159.134','666984','0','16:54:46','2019-06-09 22:44:36',1.04,1.05,1.05),(2188,'192.168.159.134','666984','0','16:54:57','2019-06-09 22:44:47',1.04,1.05,1.05),(2189,'192.168.159.134','666984','0','16:55:08','2019-06-09 22:44:58',1.03,1.05,1.05),(2190,'192.168.159.134','666984','0','16:55:18','2019-06-09 22:45:08',1.03,1.05,1.04),(2191,'192.168.159.134','665284','0','16:55:29','2019-06-09 22:45:19',1.02,1.05,1.04),(2192,'192.168.159.134','669160','99','17:43:34','2019-06-10 07:40:52',0.08,0.94,0.63),(2193,'192.168.159.134','669160','99','17:43:45','2019-06-10 07:41:03',0.07,0.93,0.61),(2194,'192.168.159.134','669160','99','17:43:56','2019-06-10 07:41:13',0.13,0.92,0.6),(2195,'192.168.159.134','669160','99','17:44:06','2019-06-10 07:41:24',0.11,0.91,0.58),(2196,'192.168.159.134','669160','99','17:44:17','2019-06-10 07:41:35',0.1,0.91,0.56),(2197,'192.168.159.134','669160','99','17:44:21','2019-06-10 07:41:39',0.09,0.9,0.55),(2198,'192.168.159.134','669160','99','17:44:32','2019-06-10 07:41:50',0.07,0.89,0.53),(2199,'192.168.159.134','669160','99','17:44:44','2019-06-10 07:42:02',0.06,0.88,0.51),(2200,'192.168.159.134','669160','99','17:44:59','2019-06-10 07:42:17',0.05,0.87,0.49),(2201,'192.168.159.134','669160','99','17:45:10','2019-06-10 07:42:28',0.04,0.86,0.47),(2202,'192.168.159.134','669160','99','17:45:21','2019-06-10 07:42:39',0.03,0.84,0.45),(2203,'192.168.159.134','669160','99','17:45:32','2019-06-10 07:42:50',0.03,0.83,0.43),(2204,'192.168.159.134','669176','99','17:45:43','2019-06-10 07:43:00',0.1,0.83,0.44),(2205,'192.168.159.134','669176','99','17:45:54','2019-06-10 07:43:12',0.09,0.82,0.42),(2206,'192.168.159.134','669176','99','17:46:05','2019-06-10 07:43:22',0.07,0.81,0.41),(2207,'192.168.159.134','669176','99','17:46:15','2019-06-10 07:43:33',0.06,0.8,0.39),(2208,'192.168.159.134','669176','99','17:46:21','2019-06-10 07:43:39',0.05,0.8,0.38),(2209,'192.168.159.134','669176','99','17:46:31','2019-06-10 07:43:49',0.04,0.79,0.37),(2210,'192.168.159.134','669176','99','17:46:42','2019-06-10 07:44:00',0.04,0.78,0.36),(2211,'192.168.159.134','669176','99','17:46:53','2019-06-10 07:44:10',0.03,0.77,0.34),(2212,'192.168.159.134','669176','99','17:47:14','2019-06-10 07:44:32',0.02,0.75,0.32),(2213,'192.168.159.134','669176','99','17:47:21','2019-06-10 07:44:39',0.02,0.75,0.31),(2214,'192.168.159.134','669192','99','17:47:34','2019-06-10 07:44:52',0.02,0.74,0.3),(2215,'192.168.159.134','669192','99','17:47:45','2019-06-10 07:45:03',0.01,0.73,0.29),(2216,'192.168.159.134','669192','99','17:47:55','2019-06-10 07:45:13',0.01,0.72,0.28),(2217,'192.168.159.134','669192','99','17:48:06','2019-06-10 07:45:24',0.01,0.71,0.27),(2218,'192.168.159.134','669192','99','17:48:17','2019-06-10 07:45:35',0.01,0.7,0.26),(2219,'192.168.159.134','669192','99','17:48:21','2019-06-10 07:45:39',0.01,0.7,0.25),(2220,'192.168.159.134','666696','97','17:48:32','2019-06-10 07:45:50',0.32,0.71,0.31),(2221,'192.168.159.134','666696','92','17:48:43','2019-06-10 07:46:01',0.65,0.73,0.38),(2222,'192.168.159.134','666696','78','17:48:54','2019-06-10 07:46:12',0.71,0.74,0.4),(2223,'192.168.159.134','666696','62','17:49:05','2019-06-10 07:46:22',0.75,0.74,0.42),(2224,'192.168.159.134','666696','29','17:49:15','2019-06-10 07:46:33',0.81,0.74,0.45),(2225,'192.168.159.134','666696','6','17:49:21','2019-06-10 07:46:39',0.82,0.74,0.46),(2226,'192.168.159.134','666680','0','17:49:32','2019-06-10 07:46:50',0.85,0.75,0.48),(2227,'192.168.159.134','666680','0','17:49:44','2019-06-10 07:47:02',0.87,0.75,0.5),(2228,'192.168.159.134','666680','0','17:49:57','2019-06-10 07:47:15',0.9,0.75,0.52);

/*!40101 SET SQL_MODE=@OLD_SQL_MODE */;
/*!40014 SET FOREIGN_KEY_CHECKS=@OLD_FOREIGN_KEY_CHECKS */;
/*!40014 SET UNIQUE_CHECKS=@OLD_UNIQUE_CHECKS */;
/*!40111 SET SQL_NOTES=@OLD_SQL_NOTES */;
